<?xml version="1.0" encoding="utf-8"?>
<Root Version="7">
  <LanguageContainerStyle DisplayGrid="false" FunctionBlockInstanceName="true" VariableDisplayMode="NameAndAlias" VariableAlpha="255" VariableTextColor="windowtext" VariableOnlineTextColor="Red" VariableBackgroundColor="White" VariableGradientColor="White" Font="Microsoft Sans Serif, 8pt" CellWidth="30" CellHeight="25" NbCellsShapeWidth="4" NbCellsShapeHeight="2" CoilAllAligned="false" FitToWindowWidthEnabled="true" RungColor="WhiteSmoke" LabelColor="LightGoldenrodYellow" CommentColor="White" TextCommentColor="Green" PowerRailColor="Silver" DisplayBlockImage="true" DisplayComment="true" PenWidth="2" DisplayLabel="false" OperatorBlockBackgroundColor="buttonface" OperatorBlockGradientColor="buttonface" FunctionBackgroundColor="Ivory" FunctionGradientColor="Ivory" FunctionBlockBackgroundColor="Silver" FunctionBlockGradientColor="Silver" Index="0">
    <ShapeStyle Type="ISaGRAF.Workbench.Mlge.LanguageContainer.LD.Shape.WbLdRungShape" Assembly="ISaGRAF.Workbench.Mlge.LanguageContainer.LD" PowerRailColor="Silver" DisplayLabel="false" RungColor="WhiteSmoke" CommentColor="White" LabelColor="LightGoldenrodYellow" DisplayComment="true" Key="[0,1]">
      <Text>Holding circuit to start. PUSH_START and EMERGENCY_STOP are both buttons the operator can press.</Text>
      <RtfText>{\rtf1\ansi\ansicpg1252\deff0\deflang1033{\fonttbl{\f0\fnil\fcharset0 Microsoft Sans Serif;}}
{\colortbl ;\red0\green128\blue0;}
\viewkind4\uc1\pard\cf1\f0\fs17 Holding circuit to start. PUSH_START and EMERGENCY_STOP are both buttons the operator can press.\par
}
</RtfText>
    </ShapeStyle>
    <ShapeStyle Type="ISaGRAF.Workbench.Mlge.LanguageContainer.LD.Shape.WbLdContactShape" Assembly="ISaGRAF.Workbench.Mlge.LanguageContainer.LD" FontColor="windowtext" DisplayMode="NameAndAlias" Key="[0,1],[1,1]" />
    <ShapeStyle Type="ISaGRAF.Workbench.Mlge.LanguageContainer.LD.Shape.WbLdContactShape" Assembly="ISaGRAF.Workbench.Mlge.LanguageContainer.LD" FontColor="windowtext" DisplayMode="NameAndAlias" Key="[0,1],[1,2]" />
    <ShapeStyle Type="ISaGRAF.Workbench.Mlge.LanguageContainer.LD.Shape.WbLdContactShape" Assembly="ISaGRAF.Workbench.Mlge.LanguageContainer.LD" FontColor="windowtext" DisplayMode="NameAndAlias" Key="[0,1],[2,1]" />
    <ShapeStyle Type="ISaGRAF.Workbench.Mlge.LanguageContainer.LD.Shape.WbLdCoilShape" Assembly="ISaGRAF.Workbench.Mlge.LanguageContainer.LD" FontColor="windowtext" DisplayMode="NameAndAlias" Key="[0,1],[3,1]" />
    <ShapeStyle Type="ISaGRAF.Workbench.Mlge.LanguageContainer.LD.Shape.WbLdCoilShape" Assembly="ISaGRAF.Workbench.Mlge.LanguageContainer.LD" FontColor="windowtext" DisplayMode="NameAndAlias" Key="[0,1],[3,2]" />
    <ShapeStyle Type="ISaGRAF.Workbench.Mlge.LanguageContainer.LD.Shape.WbLdRungShape" Assembly="ISaGRAF.Workbench.Mlge.LanguageContainer.LD" PowerRailColor="Silver" DisplayLabel="false" RungColor="WhiteSmoke" CommentColor="White" LabelColor="LightGoldenrodYellow" DisplayComment="true" Key="[0,10]" />
    <ShapeStyle Type="ISaGRAF.Workbench.Mlge.LanguageContainer.LD.Shape.WbLdContactShape" Assembly="ISaGRAF.Workbench.Mlge.LanguageContainer.LD" FontColor="windowtext" DisplayMode="NameAndAlias" Key="[0,10],[1,10]" />
    <ShapeStyle Type="ISaGRAF.Workbench.Mlge.LanguageContainer.LD.Shape.WbLdSubBranchShape" Assembly="ISaGRAF.Workbench.Mlge.LanguageContainer.LD" FontColor="windowtext" DisplayMode="NameAndAlias" Key="[0,10],[2,10]" />
    <ShapeStyle Type="ISaGRAF.Workbench.Mlge.LanguageContainer.LD.Shape.WbLdContactShape" Assembly="ISaGRAF.Workbench.Mlge.LanguageContainer.LD" FontColor="windowtext" DisplayMode="NameAndAlias" Key="[0,10],[3,10]" />
    <ShapeStyle Type="ISaGRAF.Workbench.Mlge.LanguageContainer.LD.Shape.WbLdContactShape" Assembly="ISaGRAF.Workbench.Mlge.LanguageContainer.LD" FontColor="windowtext" DisplayMode="NameAndAlias" Key="[0,10],[4,10]" />
    <ShapeStyle Type="ISaGRAF.Workbench.Mlge.LanguageContainer.LD.Shape.WbLdContactShape" Assembly="ISaGRAF.Workbench.Mlge.LanguageContainer.LD" FontColor="windowtext" DisplayMode="NameAndAlias" Key="[0,10],[5,10]" />
    <ShapeStyle Type="ISaGRAF.Workbench.Mlge.LanguageContainer.LD.Shape.WbLdCoilShape" Assembly="ISaGRAF.Workbench.Mlge.LanguageContainer.LD" FontColor="windowtext" DisplayMode="NameAndAlias" Key="[0,10],[6,10]" />
    <ShapeStyle Type="ISaGRAF.Workbench.Mlge.LanguageContainer.LD.Shape.WbLdCoilShape" Assembly="ISaGRAF.Workbench.Mlge.LanguageContainer.LD" FontColor="windowtext" DisplayMode="NameAndAlias" Key="[0,10],[6,11]" />
    <ShapeStyle Type="ISaGRAF.Workbench.Mlge.LanguageContainer.LD.Shape.WbLdRungShape" Assembly="ISaGRAF.Workbench.Mlge.LanguageContainer.LD" PowerRailColor="Silver" DisplayLabel="false" RungColor="WhiteSmoke" CommentColor="White" LabelColor="LightGoldenrodYellow" DisplayComment="true" Key="[0,13]" />
    <ShapeStyle Type="ISaGRAF.Workbench.Mlge.LanguageContainer.LD.Shape.WbLdContactShape" Assembly="ISaGRAF.Workbench.Mlge.LanguageContainer.LD" FontColor="windowtext" DisplayMode="NameAndAlias" Key="[0,13],[1,13]" />
    <ShapeStyle Type="ISaGRAF.Workbench.Mlge.LanguageContainer.LD.Shape.WbLdSubBranchShape" Assembly="ISaGRAF.Workbench.Mlge.LanguageContainer.LD" FontColor="windowtext" DisplayMode="NameAndAlias" Key="[0,13],[2,13]" />
    <ShapeStyle Type="ISaGRAF.Workbench.Mlge.LanguageContainer.LD.Shape.WbLdContactShape" Assembly="ISaGRAF.Workbench.Mlge.LanguageContainer.LD" FontColor="windowtext" DisplayMode="NameAndAlias" Key="[0,13],[3,13]" />
    <ShapeStyle Type="ISaGRAF.Workbench.Mlge.LanguageContainer.LD.Shape.WbLdContactShape" Assembly="ISaGRAF.Workbench.Mlge.LanguageContainer.LD" FontColor="windowtext" DisplayMode="NameAndAlias" Key="[0,13],[4,13]" />
    <ShapeStyle Type="ISaGRAF.Workbench.Mlge.LanguageContainer.LD.Shape.WbLdContactShape" Assembly="ISaGRAF.Workbench.Mlge.LanguageContainer.LD" FontColor="windowtext" DisplayMode="NameAndAlias" Key="[0,13],[5,13]" />
    <ShapeStyle Type="ISaGRAF.Workbench.Mlge.LanguageContainer.LD.Shape.WbLdCoilShape" Assembly="ISaGRAF.Workbench.Mlge.LanguageContainer.LD" FontColor="windowtext" DisplayMode="NameAndAlias" Key="[0,13],[6,13]" />
    <ShapeStyle Type="ISaGRAF.Workbench.Mlge.LanguageContainer.LD.Shape.WbLdCoilShape" Assembly="ISaGRAF.Workbench.Mlge.LanguageContainer.LD" FontColor="windowtext" DisplayMode="NameAndAlias" Key="[0,13],[6,14]" />
    <ShapeStyle Type="ISaGRAF.Workbench.Mlge.LanguageContainer.LD.Shape.WbLdRungShape" Assembly="ISaGRAF.Workbench.Mlge.LanguageContainer.LD" PowerRailColor="Silver" DisplayLabel="false" RungColor="WhiteSmoke" CommentColor="White" LabelColor="LightGoldenrodYellow" DisplayComment="true" Key="[0,16]">
      <Text>One path to determine whether or not a valve is open or closed - this is a NECESSARY implementation due to the race condition in programming. Let's consider OPENING 1400. If you are EITHER Scenario 1 OR Scenario 2, then BV-1400 should be opened. Now let's implement priority. For 1400 to open for Scenario 1, 1600, 1601, and 1500 need to be closed (in that order). In order for 1400 to open for Scenario 2, you need to have 1401 be closed and 1600 be closed (in that particular order!).</Text>
      <RtfText>{\rtf1\ansi\ansicpg1252\deff0\deflang1033{\fonttbl{\f0\fnil\fcharset0 Microsoft Sans Serif;}}
{\colortbl ;\red0\green128\blue0;}
\viewkind4\uc1\pard\cf1\f0\fs17 One path to determine whether or not a valve is open or closed - this is a NECESSARY implementation due to the race condition in programming. Let's consider OPENING 1400. If you are EITHER Scenario 1 OR Scenario 2, then BV-1400 should be opened. Now let's implement priority. For 1400 to open for Scenario 1, 1600, 1601, and 1500 need to be closed (in that order). In order for 1400 to open for Scenario 2, you need to have 1401 be closed and 1600 be closed (in that particular order!).\par
}
</RtfText>
    </ShapeStyle>
    <ShapeStyle Type="ISaGRAF.Workbench.Mlge.LanguageContainer.LD.Shape.WbLdContactShape" Assembly="ISaGRAF.Workbench.Mlge.LanguageContainer.LD" FontColor="windowtext" DisplayMode="NameAndAlias" Key="[0,16],[1,16]" />
    <ShapeStyle Type="ISaGRAF.Workbench.Mlge.LanguageContainer.LD.Shape.WbLdContactShape" Assembly="ISaGRAF.Workbench.Mlge.LanguageContainer.LD" FontColor="windowtext" DisplayMode="NameAndAlias" Key="[0,16],[1,18]" />
    <ShapeStyle Type="ISaGRAF.Workbench.Mlge.LanguageContainer.LD.Shape.WbLdContactShape" Assembly="ISaGRAF.Workbench.Mlge.LanguageContainer.LD" FontColor="windowtext" DisplayMode="NameAndAlias" Key="[0,16],[2,16]" />
    <ShapeStyle Type="ISaGRAF.Workbench.Mlge.LanguageContainer.LD.Shape.WbLdContactShape" Assembly="ISaGRAF.Workbench.Mlge.LanguageContainer.LD" FontColor="windowtext" DisplayMode="NameAndAlias" Key="[0,16],[2,18]" />
    <ShapeStyle Type="ISaGRAF.Workbench.Mlge.LanguageContainer.LD.Shape.WbLdContactShape" Assembly="ISaGRAF.Workbench.Mlge.LanguageContainer.LD" FontColor="windowtext" DisplayMode="NameAndAlias" Key="[0,16],[3,16]" />
    <ShapeStyle Type="ISaGRAF.Workbench.Mlge.LanguageContainer.LD.Shape.WbLdContactShape" Assembly="ISaGRAF.Workbench.Mlge.LanguageContainer.LD" FontColor="windowtext" DisplayMode="NameAndAlias" Key="[0,16],[3,18]" />
    <ShapeStyle Type="ISaGRAF.Workbench.Mlge.LanguageContainer.LD.Shape.WbLdContactShape" Assembly="ISaGRAF.Workbench.Mlge.LanguageContainer.LD" FontColor="windowtext" DisplayMode="NameAndAlias" Key="[0,16],[4,16]" />
    <ShapeStyle Type="ISaGRAF.Workbench.Mlge.Core.Shape.WbPouCallShape" Assembly="ISaGRAF.Workbench.Mlge.Core" FunctionBlockInstanceName="true" Alpha="255" Background="Silver" BackgroundGradient="Silver" Key="[0,16],[4,18]" />
    <ShapeStyle Type="ISaGRAF.Workbench.Mlge.LanguageContainer.LD.Shape.WbLDVariableAccessShape" Assembly="ISaGRAF.Workbench.Mlge.LanguageContainer.LD" Alpha="255" Background="#FFFFFFFF" BackgroundGradient="#FFFFFFFF" FontColor="windowtext" DisplayMode="NameAndAlias" Key="[0,16],[4,18],[4,19],[4,19]" />
    <ShapeStyle Type="ISaGRAF.Workbench.Mlge.LanguageContainer.LD.Shape.WbLDVariableAccessShape" Assembly="ISaGRAF.Workbench.Mlge.LanguageContainer.LD" Alpha="255" Background="#FFFFFFFF" BackgroundGradient="#FFFFFFFF" FontColor="windowtext" DisplayMode="NameAndAlias" Key="[0,16],[4,18],[6,19],[6,19]" />
    <ShapeStyle Type="ISaGRAF.Workbench.Mlge.Core.Shape.WbPouCallShape" Assembly="ISaGRAF.Workbench.Mlge.Core" FunctionBlockInstanceName="true" Alpha="255" Background="Silver" BackgroundGradient="Silver" Key="[0,16],[5,16]" />
    <ShapeStyle Type="ISaGRAF.Workbench.Mlge.LanguageContainer.LD.Shape.WbLDVariableAccessShape" Assembly="ISaGRAF.Workbench.Mlge.LanguageContainer.LD" Alpha="255" Background="#FFFFFFFF" BackgroundGradient="#FFFFFFFF" FontColor="windowtext" DisplayMode="NameAndAlias" Key="[0,16],[5,16],[5,17],[5,17]" />
    <ShapeStyle Type="ISaGRAF.Workbench.Mlge.LanguageContainer.LD.Shape.WbLDVariableAccessShape" Assembly="ISaGRAF.Workbench.Mlge.LanguageContainer.LD" Alpha="255" Background="#FFFFFFFF" BackgroundGradient="#FFFFFFFF" FontColor="windowtext" DisplayMode="NameAndAlias" Key="[0,16],[5,16],[7,17],[7,17]" />
    <ShapeStyle Type="ISaGRAF.Workbench.Mlge.LanguageContainer.LD.Shape.WbLdContactShape" Assembly="ISaGRAF.Workbench.Mlge.LanguageContainer.LD" FontColor="windowtext" DisplayMode="NameAndAlias" Key="[0,16],[7,18]" />
    <ShapeStyle Type="ISaGRAF.Workbench.Mlge.LanguageContainer.LD.Shape.WbLdContactShape" Assembly="ISaGRAF.Workbench.Mlge.LanguageContainer.LD" FontColor="windowtext" DisplayMode="NameAndAlias" Key="[0,16],[8,16]" />
    <ShapeStyle Type="ISaGRAF.Workbench.Mlge.LanguageContainer.LD.Shape.WbLdCoilShape" Assembly="ISaGRAF.Workbench.Mlge.LanguageContainer.LD" FontColor="windowtext" DisplayMode="NameAndAlias" Key="[0,16],[9,16]" />
    <ShapeStyle Type="ISaGRAF.Workbench.Mlge.LanguageContainer.LD.Shape.WbLdRungShape" Assembly="ISaGRAF.Workbench.Mlge.LanguageContainer.LD" PowerRailColor="Silver" DisplayLabel="false" RungColor="WhiteSmoke" CommentColor="White" LabelColor="LightGoldenrodYellow" DisplayComment="true" Key="[0,21]">
      <Text>It is important that each output enable only appears ONCE in your program, otherwise there will be issues. (called the race condition)</Text>
      <RtfText>{\rtf1\ansi\ansicpg1252\deff0\deflang1033{\fonttbl{\f0\fnil\fcharset0 Microsoft Sans Serif;}}
{\colortbl ;\red0\green128\blue0;}
\viewkind4\uc1\pard\cf1\f0\fs17 It is important that each output enable only appears ONCE in your program, otherwise there will be issues. (called the race condition)\par
}
</RtfText>
    </ShapeStyle>
    <ShapeStyle Type="ISaGRAF.Workbench.Mlge.LanguageContainer.LD.Shape.WbLdContactShape" Assembly="ISaGRAF.Workbench.Mlge.LanguageContainer.LD" FontColor="windowtext" DisplayMode="NameAndAlias" Key="[0,21],[1,21]" />
    <ShapeStyle Type="ISaGRAF.Workbench.Mlge.LanguageContainer.LD.Shape.WbLdContactShape" Assembly="ISaGRAF.Workbench.Mlge.LanguageContainer.LD" FontColor="windowtext" DisplayMode="NameAndAlias" Key="[0,21],[1,23]" />
    <ShapeStyle Type="ISaGRAF.Workbench.Mlge.Core.Shape.WbPouCallShape" Assembly="ISaGRAF.Workbench.Mlge.Core" FunctionBlockInstanceName="true" Alpha="255" Background="Silver" BackgroundGradient="Silver" Key="[0,21],[2,21]" />
    <ShapeStyle Type="ISaGRAF.Workbench.Mlge.LanguageContainer.LD.Shape.WbLDVariableAccessShape" Assembly="ISaGRAF.Workbench.Mlge.LanguageContainer.LD" Alpha="255" Background="#FFFFFFFF" BackgroundGradient="#FFFFFFFF" FontColor="windowtext" DisplayMode="NameAndAlias" Key="[0,21],[2,21],[2,22],[2,22]" />
    <ShapeStyle Type="ISaGRAF.Workbench.Mlge.LanguageContainer.LD.Shape.WbLDVariableAccessShape" Assembly="ISaGRAF.Workbench.Mlge.LanguageContainer.LD" Alpha="255" Background="#FFFFFFFF" BackgroundGradient="#FFFFFFFF" FontColor="windowtext" DisplayMode="NameAndAlias" Key="[0,21],[2,21],[4,22],[4,22]" />
    <ShapeStyle Type="ISaGRAF.Workbench.Mlge.LanguageContainer.LD.Shape.WbLdContactShape" Assembly="ISaGRAF.Workbench.Mlge.LanguageContainer.LD" FontColor="windowtext" DisplayMode="NameAndAlias" Key="[0,21],[2,23]" />
    <ShapeStyle Type="ISaGRAF.Workbench.Mlge.Core.Shape.WbPouCallShape" Assembly="ISaGRAF.Workbench.Mlge.Core" FunctionBlockInstanceName="true" Alpha="255" Background="Silver" BackgroundGradient="Silver" Key="[0,21],[3,23]" />
    <ShapeStyle Type="ISaGRAF.Workbench.Mlge.LanguageContainer.LD.Shape.WbLDVariableAccessShape" Assembly="ISaGRAF.Workbench.Mlge.LanguageContainer.LD" Alpha="255" Background="#FFFFFFFF" BackgroundGradient="#FFFFFFFF" FontColor="windowtext" DisplayMode="NameAndAlias" Key="[0,21],[3,23],[3,24],[3,24]" />
    <ShapeStyle Type="ISaGRAF.Workbench.Mlge.LanguageContainer.LD.Shape.WbLDVariableAccessShape" Assembly="ISaGRAF.Workbench.Mlge.LanguageContainer.LD" Alpha="255" Background="#FFFFFFFF" BackgroundGradient="#FFFFFFFF" FontColor="windowtext" DisplayMode="NameAndAlias" Key="[0,21],[3,23],[5,24],[5,24]" />
    <ShapeStyle Type="ISaGRAF.Workbench.Mlge.LanguageContainer.LD.Shape.WbLdContactShape" Assembly="ISaGRAF.Workbench.Mlge.LanguageContainer.LD" FontColor="windowtext" DisplayMode="NameAndAlias" Key="[0,21],[5,21]" />
    <ShapeStyle Type="ISaGRAF.Workbench.Mlge.LanguageContainer.LD.Shape.WbLdContactShape" Assembly="ISaGRAF.Workbench.Mlge.LanguageContainer.LD" FontColor="windowtext" DisplayMode="NameAndAlias" Key="[0,21],[6,23]" />
    <ShapeStyle Type="ISaGRAF.Workbench.Mlge.LanguageContainer.LD.Shape.WbLdCoilShape" Assembly="ISaGRAF.Workbench.Mlge.LanguageContainer.LD" FontColor="windowtext" DisplayMode="NameAndAlias" Key="[0,21],[7,21]" />
    <ShapeStyle Type="ISaGRAF.Workbench.Mlge.LanguageContainer.LD.Shape.WbLdRungShape" Assembly="ISaGRAF.Workbench.Mlge.LanguageContainer.LD" PowerRailColor="Silver" DisplayLabel="false" RungColor="WhiteSmoke" CommentColor="White" LabelColor="LightGoldenrodYellow" DisplayComment="true" Key="[0,26]">
      <Text>Timers have been incorporated into this ladder logic in order to display the priority of valve opening / closing in a more efficient manner. Each valve action is given 5 seconds to complete, since certain rungs of the ladder logic will not work until certain logical requirements are met.</Text>
      <RtfText>{\rtf1\ansi\ansicpg1252\deff0\deflang1033{\fonttbl{\f0\fnil\fcharset0 Microsoft Sans Serif;}}
{\colortbl ;\red0\green128\blue0;}
\viewkind4\uc1\pard\cf1\f0\fs17 Timers have been incorporated into this ladder logic in order to display the priority of valve opening / closing in a more efficient manner. Each valve action is given 5 seconds to complete, since certain rungs of the ladder logic will not work until certain logical requirements are met.\par
}
</RtfText>
    </ShapeStyle>
    <ShapeStyle Type="ISaGRAF.Workbench.Mlge.LanguageContainer.LD.Shape.WbLdContactShape" Assembly="ISaGRAF.Workbench.Mlge.LanguageContainer.LD" FontColor="windowtext" DisplayMode="NameAndAlias" Key="[0,26],[1,26]" />
    <ShapeStyle Type="ISaGRAF.Workbench.Mlge.LanguageContainer.LD.Shape.WbLdContactShape" Assembly="ISaGRAF.Workbench.Mlge.LanguageContainer.LD" FontColor="windowtext" DisplayMode="NameAndAlias" Key="[0,26],[1,28]" />
    <ShapeStyle Type="ISaGRAF.Workbench.Mlge.LanguageContainer.LD.Shape.WbLdCoilShape" Assembly="ISaGRAF.Workbench.Mlge.LanguageContainer.LD" FontColor="windowtext" DisplayMode="NameAndAlias" Key="[0,26],[10,26]" />
    <ShapeStyle Type="ISaGRAF.Workbench.Mlge.LanguageContainer.LD.Shape.WbLdContactShape" Assembly="ISaGRAF.Workbench.Mlge.LanguageContainer.LD" FontColor="windowtext" DisplayMode="NameAndAlias" Key="[0,26],[2,26]" />
    <ShapeStyle Type="ISaGRAF.Workbench.Mlge.LanguageContainer.LD.Shape.WbLdContactShape" Assembly="ISaGRAF.Workbench.Mlge.LanguageContainer.LD" FontColor="windowtext" DisplayMode="NameAndAlias" Key="[0,26],[2,28]" />
    <ShapeStyle Type="ISaGRAF.Workbench.Mlge.LanguageContainer.LD.Shape.WbLdContactShape" Assembly="ISaGRAF.Workbench.Mlge.LanguageContainer.LD" FontColor="windowtext" DisplayMode="NameAndAlias" Key="[0,26],[3,26]" />
    <ShapeStyle Type="ISaGRAF.Workbench.Mlge.LanguageContainer.LD.Shape.WbLdContactShape" Assembly="ISaGRAF.Workbench.Mlge.LanguageContainer.LD" FontColor="windowtext" DisplayMode="NameAndAlias" Key="[0,26],[3,28]" />
    <ShapeStyle Type="ISaGRAF.Workbench.Mlge.LanguageContainer.LD.Shape.WbLdContactShape" Assembly="ISaGRAF.Workbench.Mlge.LanguageContainer.LD" FontColor="windowtext" DisplayMode="NameAndAlias" Key="[0,26],[4,26]" />
    <ShapeStyle Type="ISaGRAF.Workbench.Mlge.LanguageContainer.LD.Shape.WbLdContactShape" Assembly="ISaGRAF.Workbench.Mlge.LanguageContainer.LD" FontColor="windowtext" DisplayMode="NameAndAlias" Key="[0,26],[4,28]" />
    <ShapeStyle Type="ISaGRAF.Workbench.Mlge.LanguageContainer.LD.Shape.WbLdContactShape" Assembly="ISaGRAF.Workbench.Mlge.LanguageContainer.LD" FontColor="windowtext" DisplayMode="NameAndAlias" Key="[0,26],[5,26]" />
    <ShapeStyle Type="ISaGRAF.Workbench.Mlge.LanguageContainer.LD.Shape.WbLdContactShape" Assembly="ISaGRAF.Workbench.Mlge.LanguageContainer.LD" FontColor="windowtext" DisplayMode="NameAndAlias" Key="[0,26],[5,28]" />
    <ShapeStyle Type="ISaGRAF.Workbench.Mlge.Core.Shape.WbPouCallShape" Assembly="ISaGRAF.Workbench.Mlge.Core" FunctionBlockInstanceName="true" Alpha="255" Background="Silver" BackgroundGradient="Silver" Key="[0,26],[6,26]" />
    <ShapeStyle Type="ISaGRAF.Workbench.Mlge.LanguageContainer.LD.Shape.WbLDVariableAccessShape" Assembly="ISaGRAF.Workbench.Mlge.LanguageContainer.LD" Alpha="255" Background="#FFFFFFFF" BackgroundGradient="#FFFFFFFF" FontColor="windowtext" DisplayMode="NameAndAlias" Key="[0,26],[6,26],[6,27],[6,27]" />
    <ShapeStyle Type="ISaGRAF.Workbench.Mlge.LanguageContainer.LD.Shape.WbLDVariableAccessShape" Assembly="ISaGRAF.Workbench.Mlge.LanguageContainer.LD" Alpha="255" Background="#FFFFFFFF" BackgroundGradient="#FFFFFFFF" FontColor="windowtext" DisplayMode="NameAndAlias" Key="[0,26],[6,26],[8,27],[8,27]" />
    <ShapeStyle Type="ISaGRAF.Workbench.Mlge.Core.Shape.WbPouCallShape" Assembly="ISaGRAF.Workbench.Mlge.Core" FunctionBlockInstanceName="true" Alpha="255" Background="Silver" BackgroundGradient="Silver" Key="[0,26],[6,28]" />
    <ShapeStyle Type="ISaGRAF.Workbench.Mlge.LanguageContainer.LD.Shape.WbLDVariableAccessShape" Assembly="ISaGRAF.Workbench.Mlge.LanguageContainer.LD" Alpha="255" Background="#FFFFFFFF" BackgroundGradient="#FFFFFFFF" FontColor="windowtext" DisplayMode="NameAndAlias" Key="[0,26],[6,28],[6,29],[6,29]" />
    <ShapeStyle Type="ISaGRAF.Workbench.Mlge.LanguageContainer.LD.Shape.WbLDVariableAccessShape" Assembly="ISaGRAF.Workbench.Mlge.LanguageContainer.LD" Alpha="255" Background="#FFFFFFFF" BackgroundGradient="#FFFFFFFF" FontColor="windowtext" DisplayMode="NameAndAlias" Key="[0,26],[6,28],[8,29],[8,29]" />
    <ShapeStyle Type="ISaGRAF.Workbench.Mlge.LanguageContainer.LD.Shape.WbLdContactShape" Assembly="ISaGRAF.Workbench.Mlge.LanguageContainer.LD" FontColor="windowtext" DisplayMode="NameAndAlias" Key="[0,26],[9,26]" />
    <ShapeStyle Type="ISaGRAF.Workbench.Mlge.LanguageContainer.LD.Shape.WbLdContactShape" Assembly="ISaGRAF.Workbench.Mlge.LanguageContainer.LD" FontColor="windowtext" DisplayMode="NameAndAlias" Key="[0,26],[9,28]" />
    <ShapeStyle Type="ISaGRAF.Workbench.Mlge.LanguageContainer.LD.Shape.WbLdRungShape" Assembly="ISaGRAF.Workbench.Mlge.LanguageContainer.LD" PowerRailColor="Silver" DisplayLabel="false" RungColor="WhiteSmoke" CommentColor="White" LabelColor="LightGoldenrodYellow" DisplayComment="true" Key="[0,31]" />
    <ShapeStyle Type="ISaGRAF.Workbench.Mlge.LanguageContainer.LD.Shape.WbLdContactShape" Assembly="ISaGRAF.Workbench.Mlge.LanguageContainer.LD" FontColor="windowtext" DisplayMode="NameAndAlias" Key="[0,31],[1,31]" />
    <ShapeStyle Type="ISaGRAF.Workbench.Mlge.LanguageContainer.LD.Shape.WbLdContactShape" Assembly="ISaGRAF.Workbench.Mlge.LanguageContainer.LD" FontColor="windowtext" DisplayMode="NameAndAlias" Key="[0,31],[1,33]" />
    <ShapeStyle Type="ISaGRAF.Workbench.Mlge.Core.Shape.WbPouCallShape" Assembly="ISaGRAF.Workbench.Mlge.Core" FunctionBlockInstanceName="true" Alpha="255" Background="Silver" BackgroundGradient="Silver" Key="[0,31],[2,31]" />
    <ShapeStyle Type="ISaGRAF.Workbench.Mlge.LanguageContainer.LD.Shape.WbLDVariableAccessShape" Assembly="ISaGRAF.Workbench.Mlge.LanguageContainer.LD" Alpha="255" Background="#FFFFFFFF" BackgroundGradient="#FFFFFFFF" FontColor="windowtext" DisplayMode="NameAndAlias" Key="[0,31],[2,31],[2,32],[2,32]" />
    <ShapeStyle Type="ISaGRAF.Workbench.Mlge.LanguageContainer.LD.Shape.WbLDVariableAccessShape" Assembly="ISaGRAF.Workbench.Mlge.LanguageContainer.LD" Alpha="255" Background="#FFFFFFFF" BackgroundGradient="#FFFFFFFF" FontColor="windowtext" DisplayMode="NameAndAlias" Key="[0,31],[2,31],[4,32],[4,32]" />
    <ShapeStyle Type="ISaGRAF.Workbench.Mlge.LanguageContainer.LD.Shape.WbLdContactShape" Assembly="ISaGRAF.Workbench.Mlge.LanguageContainer.LD" FontColor="windowtext" DisplayMode="NameAndAlias" Key="[0,31],[2,33]" />
    <ShapeStyle Type="ISaGRAF.Workbench.Mlge.Core.Shape.WbPouCallShape" Assembly="ISaGRAF.Workbench.Mlge.Core" FunctionBlockInstanceName="true" Alpha="255" Background="Silver" BackgroundGradient="Silver" Key="[0,31],[3,33]" />
    <ShapeStyle Type="ISaGRAF.Workbench.Mlge.LanguageContainer.LD.Shape.WbLDVariableAccessShape" Assembly="ISaGRAF.Workbench.Mlge.LanguageContainer.LD" Alpha="255" Background="#FFFFFFFF" BackgroundGradient="#FFFFFFFF" FontColor="windowtext" DisplayMode="NameAndAlias" Key="[0,31],[3,33],[3,34],[3,34]" />
    <ShapeStyle Type="ISaGRAF.Workbench.Mlge.LanguageContainer.LD.Shape.WbLDVariableAccessShape" Assembly="ISaGRAF.Workbench.Mlge.LanguageContainer.LD" Alpha="255" Background="#FFFFFFFF" BackgroundGradient="#FFFFFFFF" FontColor="windowtext" DisplayMode="NameAndAlias" Key="[0,31],[3,33],[5,34],[5,34]" />
    <ShapeStyle Type="ISaGRAF.Workbench.Mlge.LanguageContainer.LD.Shape.WbLdContactShape" Assembly="ISaGRAF.Workbench.Mlge.LanguageContainer.LD" FontColor="windowtext" DisplayMode="NameAndAlias" Key="[0,31],[5,31]" />
    <ShapeStyle Type="ISaGRAF.Workbench.Mlge.LanguageContainer.LD.Shape.WbLdContactShape" Assembly="ISaGRAF.Workbench.Mlge.LanguageContainer.LD" FontColor="windowtext" DisplayMode="NameAndAlias" Key="[0,31],[6,33]" />
    <ShapeStyle Type="ISaGRAF.Workbench.Mlge.LanguageContainer.LD.Shape.WbLdCoilShape" Assembly="ISaGRAF.Workbench.Mlge.LanguageContainer.LD" FontColor="windowtext" DisplayMode="NameAndAlias" Key="[0,31],[7,31]" />
    <ShapeStyle Type="ISaGRAF.Workbench.Mlge.LanguageContainer.LD.Shape.WbLdRungShape" Assembly="ISaGRAF.Workbench.Mlge.LanguageContainer.LD" PowerRailColor="Silver" DisplayLabel="false" RungColor="WhiteSmoke" CommentColor="White" LabelColor="LightGoldenrodYellow" DisplayComment="true" Key="[0,36]" />
    <ShapeStyle Type="ISaGRAF.Workbench.Mlge.LanguageContainer.LD.Shape.WbLdContactShape" Assembly="ISaGRAF.Workbench.Mlge.LanguageContainer.LD" FontColor="windowtext" DisplayMode="NameAndAlias" Key="[0,36],[1,36]" />
    <ShapeStyle Type="ISaGRAF.Workbench.Mlge.LanguageContainer.LD.Shape.WbLdContactShape" Assembly="ISaGRAF.Workbench.Mlge.LanguageContainer.LD" FontColor="windowtext" DisplayMode="NameAndAlias" Key="[0,36],[1,38]" />
    <ShapeStyle Type="ISaGRAF.Workbench.Mlge.LanguageContainer.LD.Shape.WbLdContactShape" Assembly="ISaGRAF.Workbench.Mlge.LanguageContainer.LD" FontColor="windowtext" DisplayMode="NameAndAlias" Key="[0,36],[2,36]" />
    <ShapeStyle Type="ISaGRAF.Workbench.Mlge.LanguageContainer.LD.Shape.WbLdContactShape" Assembly="ISaGRAF.Workbench.Mlge.LanguageContainer.LD" FontColor="windowtext" DisplayMode="NameAndAlias" Key="[0,36],[2,38]" />
    <ShapeStyle Type="ISaGRAF.Workbench.Mlge.LanguageContainer.LD.Shape.WbLdContactShape" Assembly="ISaGRAF.Workbench.Mlge.LanguageContainer.LD" FontColor="windowtext" DisplayMode="NameAndAlias" Key="[0,36],[3,36]" />
    <ShapeStyle Type="ISaGRAF.Workbench.Mlge.LanguageContainer.LD.Shape.WbLdContactShape" Assembly="ISaGRAF.Workbench.Mlge.LanguageContainer.LD" FontColor="windowtext" DisplayMode="NameAndAlias" Key="[0,36],[3,38]" />
    <ShapeStyle Type="ISaGRAF.Workbench.Mlge.LanguageContainer.LD.Shape.WbLdContactShape" Assembly="ISaGRAF.Workbench.Mlge.LanguageContainer.LD" FontColor="windowtext" DisplayMode="NameAndAlias" Key="[0,36],[4,36]" />
    <ShapeStyle Type="ISaGRAF.Workbench.Mlge.LanguageContainer.LD.Shape.WbLdContactShape" Assembly="ISaGRAF.Workbench.Mlge.LanguageContainer.LD" FontColor="windowtext" DisplayMode="NameAndAlias" Key="[0,36],[4,38]" />
    <ShapeStyle Type="ISaGRAF.Workbench.Mlge.Core.Shape.WbPouCallShape" Assembly="ISaGRAF.Workbench.Mlge.Core" FunctionBlockInstanceName="true" Alpha="255" Background="Silver" BackgroundGradient="Silver" Key="[0,36],[5,36]" />
    <ShapeStyle Type="ISaGRAF.Workbench.Mlge.LanguageContainer.LD.Shape.WbLDVariableAccessShape" Assembly="ISaGRAF.Workbench.Mlge.LanguageContainer.LD" Alpha="255" Background="#FFFFFFFF" BackgroundGradient="#FFFFFFFF" FontColor="windowtext" DisplayMode="NameAndAlias" Key="[0,36],[5,36],[5,37],[5,37]" />
    <ShapeStyle Type="ISaGRAF.Workbench.Mlge.LanguageContainer.LD.Shape.WbLDVariableAccessShape" Assembly="ISaGRAF.Workbench.Mlge.LanguageContainer.LD" Alpha="255" Background="#FFFFFFFF" BackgroundGradient="#FFFFFFFF" FontColor="windowtext" DisplayMode="NameAndAlias" Key="[0,36],[5,36],[7,37],[7,37]" />
    <ShapeStyle Type="ISaGRAF.Workbench.Mlge.Core.Shape.WbPouCallShape" Assembly="ISaGRAF.Workbench.Mlge.Core" FunctionBlockInstanceName="true" Alpha="255" Background="Silver" BackgroundGradient="Silver" Key="[0,36],[5,38]" />
    <ShapeStyle Type="ISaGRAF.Workbench.Mlge.LanguageContainer.LD.Shape.WbLDVariableAccessShape" Assembly="ISaGRAF.Workbench.Mlge.LanguageContainer.LD" Alpha="255" Background="#FFFFFFFF" BackgroundGradient="#FFFFFFFF" FontColor="windowtext" DisplayMode="NameAndAlias" Key="[0,36],[5,38],[5,39],[5,39]" />
    <ShapeStyle Type="ISaGRAF.Workbench.Mlge.LanguageContainer.LD.Shape.WbLDVariableAccessShape" Assembly="ISaGRAF.Workbench.Mlge.LanguageContainer.LD" Alpha="255" Background="#FFFFFFFF" BackgroundGradient="#FFFFFFFF" FontColor="windowtext" DisplayMode="NameAndAlias" Key="[0,36],[5,38],[7,39],[7,39]" />
    <ShapeStyle Type="ISaGRAF.Workbench.Mlge.LanguageContainer.LD.Shape.WbLdContactShape" Assembly="ISaGRAF.Workbench.Mlge.LanguageContainer.LD" FontColor="windowtext" DisplayMode="NameAndAlias" Key="[0,36],[8,36]" />
    <ShapeStyle Type="ISaGRAF.Workbench.Mlge.LanguageContainer.LD.Shape.WbLdContactShape" Assembly="ISaGRAF.Workbench.Mlge.LanguageContainer.LD" FontColor="windowtext" DisplayMode="NameAndAlias" Key="[0,36],[8,38]" />
    <ShapeStyle Type="ISaGRAF.Workbench.Mlge.LanguageContainer.LD.Shape.WbLdCoilShape" Assembly="ISaGRAF.Workbench.Mlge.LanguageContainer.LD" FontColor="windowtext" DisplayMode="NameAndAlias" Key="[0,36],[9,36]" />
    <ShapeStyle Type="ISaGRAF.Workbench.Mlge.LanguageContainer.LD.Shape.WbLdRungShape" Assembly="ISaGRAF.Workbench.Mlge.LanguageContainer.LD" PowerRailColor="Silver" DisplayLabel="false" RungColor="WhiteSmoke" CommentColor="White" LabelColor="LightGoldenrodYellow" DisplayComment="true" Key="[0,4]">
      <Text>The next four rungs include holding circuits of scenario selection. SCENARIO1_START to SCENARIO4_START are ALL buttons that the operator can press on the HMI. As an interlock to ensure that only ONE scenario is selected at once, break conditions have been put in (scenario 1 can only be turned on if scenario 2, 3, and 4 are all off).
</Text>
      <RtfText>{\rtf1\ansi\ansicpg1252\deff0\deflang1033{\fonttbl{\f0\fnil\fcharset0 Microsoft Sans Serif;}}
{\colortbl ;\red0\green128\blue0;}
\viewkind4\uc1\pard\cf1\f0\fs17 The next four rungs include holding circuits of scenario selection. SCENARIO1_START to SCENARIO4_START are ALL buttons that the operator can press on the HMI. As an interlock to ensure that only ONE scenario is selected at once, break conditions have been put in (scenario 1 can only be turned on if scenario 2, 3, and 4 are all off).\par
\par
}
</RtfText>
    </ShapeStyle>
    <ShapeStyle Type="ISaGRAF.Workbench.Mlge.LanguageContainer.LD.Shape.WbLdContactShape" Assembly="ISaGRAF.Workbench.Mlge.LanguageContainer.LD" FontColor="windowtext" DisplayMode="NameAndAlias" Key="[0,4],[1,4]" />
    <ShapeStyle Type="ISaGRAF.Workbench.Mlge.LanguageContainer.LD.Shape.WbLdSubBranchShape" Assembly="ISaGRAF.Workbench.Mlge.LanguageContainer.LD" FontColor="windowtext" DisplayMode="NameAndAlias" Key="[0,4],[2,4]" />
    <ShapeStyle Type="ISaGRAF.Workbench.Mlge.LanguageContainer.LD.Shape.WbLdContactShape" Assembly="ISaGRAF.Workbench.Mlge.LanguageContainer.LD" FontColor="windowtext" DisplayMode="NameAndAlias" Key="[0,4],[3,4]" />
    <ShapeStyle Type="ISaGRAF.Workbench.Mlge.LanguageContainer.LD.Shape.WbLdContactShape" Assembly="ISaGRAF.Workbench.Mlge.LanguageContainer.LD" FontColor="windowtext" DisplayMode="NameAndAlias" Key="[0,4],[4,4]" />
    <ShapeStyle Type="ISaGRAF.Workbench.Mlge.LanguageContainer.LD.Shape.WbLdContactShape" Assembly="ISaGRAF.Workbench.Mlge.LanguageContainer.LD" FontColor="windowtext" DisplayMode="NameAndAlias" Key="[0,4],[5,4]" />
    <ShapeStyle Type="ISaGRAF.Workbench.Mlge.LanguageContainer.LD.Shape.WbLdCoilShape" Assembly="ISaGRAF.Workbench.Mlge.LanguageContainer.LD" FontColor="windowtext" DisplayMode="NameAndAlias" Key="[0,4],[6,4]" />
    <ShapeStyle Type="ISaGRAF.Workbench.Mlge.LanguageContainer.LD.Shape.WbLdCoilShape" Assembly="ISaGRAF.Workbench.Mlge.LanguageContainer.LD" FontColor="windowtext" DisplayMode="NameAndAlias" Key="[0,4],[6,5]" />
    <ShapeStyle Type="ISaGRAF.Workbench.Mlge.LanguageContainer.LD.Shape.WbLdRungShape" Assembly="ISaGRAF.Workbench.Mlge.LanguageContainer.LD" PowerRailColor="Silver" DisplayLabel="false" RungColor="WhiteSmoke" CommentColor="White" LabelColor="LightGoldenrodYellow" DisplayComment="true" Key="[0,41]" />
    <ShapeStyle Type="ISaGRAF.Workbench.Mlge.LanguageContainer.LD.Shape.WbLdContactShape" Assembly="ISaGRAF.Workbench.Mlge.LanguageContainer.LD" FontColor="windowtext" DisplayMode="NameAndAlias" Key="[0,41],[1,41]" />
    <ShapeStyle Type="ISaGRAF.Workbench.Mlge.LanguageContainer.LD.Shape.WbLdContactShape" Assembly="ISaGRAF.Workbench.Mlge.LanguageContainer.LD" FontColor="windowtext" DisplayMode="NameAndAlias" Key="[0,41],[1,43]" />
    <ShapeStyle Type="ISaGRAF.Workbench.Mlge.LanguageContainer.LD.Shape.WbLdContactShape" Assembly="ISaGRAF.Workbench.Mlge.LanguageContainer.LD" FontColor="windowtext" DisplayMode="NameAndAlias" Key="[0,41],[2,41]" />
    <ShapeStyle Type="ISaGRAF.Workbench.Mlge.LanguageContainer.LD.Shape.WbLdContactShape" Assembly="ISaGRAF.Workbench.Mlge.LanguageContainer.LD" FontColor="windowtext" DisplayMode="NameAndAlias" Key="[0,41],[2,43]" />
    <ShapeStyle Type="ISaGRAF.Workbench.Mlge.LanguageContainer.LD.Shape.WbLdContactShape" Assembly="ISaGRAF.Workbench.Mlge.LanguageContainer.LD" FontColor="windowtext" DisplayMode="NameAndAlias" Key="[0,41],[3,41]" />
    <ShapeStyle Type="ISaGRAF.Workbench.Mlge.LanguageContainer.LD.Shape.WbLdContactShape" Assembly="ISaGRAF.Workbench.Mlge.LanguageContainer.LD" FontColor="windowtext" DisplayMode="NameAndAlias" Key="[0,41],[3,43]" />
    <ShapeStyle Type="ISaGRAF.Workbench.Mlge.Core.Shape.WbPouCallShape" Assembly="ISaGRAF.Workbench.Mlge.Core" FunctionBlockInstanceName="true" Alpha="255" Background="Silver" BackgroundGradient="Silver" Key="[0,41],[4,41]" />
    <ShapeStyle Type="ISaGRAF.Workbench.Mlge.LanguageContainer.LD.Shape.WbLDVariableAccessShape" Assembly="ISaGRAF.Workbench.Mlge.LanguageContainer.LD" Alpha="255" Background="#FFFFFFFF" BackgroundGradient="#FFFFFFFF" FontColor="windowtext" DisplayMode="NameAndAlias" Key="[0,41],[4,41],[4,42],[4,42]" />
    <ShapeStyle Type="ISaGRAF.Workbench.Mlge.LanguageContainer.LD.Shape.WbLDVariableAccessShape" Assembly="ISaGRAF.Workbench.Mlge.LanguageContainer.LD" Alpha="255" Background="#FFFFFFFF" BackgroundGradient="#FFFFFFFF" FontColor="windowtext" DisplayMode="NameAndAlias" Key="[0,41],[4,41],[6,42],[6,42]" />
    <ShapeStyle Type="ISaGRAF.Workbench.Mlge.Core.Shape.WbPouCallShape" Assembly="ISaGRAF.Workbench.Mlge.Core" FunctionBlockInstanceName="true" Alpha="255" Background="Silver" BackgroundGradient="Silver" Key="[0,41],[4,43]" />
    <ShapeStyle Type="ISaGRAF.Workbench.Mlge.LanguageContainer.LD.Shape.WbLDVariableAccessShape" Assembly="ISaGRAF.Workbench.Mlge.LanguageContainer.LD" Alpha="255" Background="#FFFFFFFF" BackgroundGradient="#FFFFFFFF" FontColor="windowtext" DisplayMode="NameAndAlias" Key="[0,41],[4,43],[4,44],[4,44]" />
    <ShapeStyle Type="ISaGRAF.Workbench.Mlge.LanguageContainer.LD.Shape.WbLDVariableAccessShape" Assembly="ISaGRAF.Workbench.Mlge.LanguageContainer.LD" Alpha="255" Background="#FFFFFFFF" BackgroundGradient="#FFFFFFFF" FontColor="windowtext" DisplayMode="NameAndAlias" Key="[0,41],[4,43],[6,44],[6,44]" />
    <ShapeStyle Type="ISaGRAF.Workbench.Mlge.LanguageContainer.LD.Shape.WbLdContactShape" Assembly="ISaGRAF.Workbench.Mlge.LanguageContainer.LD" FontColor="windowtext" DisplayMode="NameAndAlias" Key="[0,41],[7,41]" />
    <ShapeStyle Type="ISaGRAF.Workbench.Mlge.LanguageContainer.LD.Shape.WbLdContactShape" Assembly="ISaGRAF.Workbench.Mlge.LanguageContainer.LD" FontColor="windowtext" DisplayMode="NameAndAlias" Key="[0,41],[7,43]" />
    <ShapeStyle Type="ISaGRAF.Workbench.Mlge.LanguageContainer.LD.Shape.WbLdCoilShape" Assembly="ISaGRAF.Workbench.Mlge.LanguageContainer.LD" FontColor="windowtext" DisplayMode="NameAndAlias" Key="[0,41],[8,41]" />
    <ShapeStyle Type="ISaGRAF.Workbench.Mlge.LanguageContainer.LD.Shape.WbLdRungShape" Assembly="ISaGRAF.Workbench.Mlge.LanguageContainer.LD" PowerRailColor="Silver" DisplayLabel="false" RungColor="WhiteSmoke" CommentColor="White" LabelColor="LightGoldenrodYellow" DisplayComment="true" Key="[0,46]" />
    <ShapeStyle Type="ISaGRAF.Workbench.Mlge.LanguageContainer.LD.Shape.WbLdContactShape" Assembly="ISaGRAF.Workbench.Mlge.LanguageContainer.LD" FontColor="windowtext" DisplayMode="NameAndAlias" Key="[0,46],[1,46]" />
    <ShapeStyle Type="ISaGRAF.Workbench.Mlge.LanguageContainer.LD.Shape.WbLdContactShape" Assembly="ISaGRAF.Workbench.Mlge.LanguageContainer.LD" FontColor="windowtext" DisplayMode="NameAndAlias" Key="[0,46],[1,48]" />
    <ShapeStyle Type="ISaGRAF.Workbench.Mlge.LanguageContainer.LD.Shape.WbLdContactShape" Assembly="ISaGRAF.Workbench.Mlge.LanguageContainer.LD" FontColor="windowtext" DisplayMode="NameAndAlias" Key="[0,46],[2,46]" />
    <ShapeStyle Type="ISaGRAF.Workbench.Mlge.LanguageContainer.LD.Shape.WbLdContactShape" Assembly="ISaGRAF.Workbench.Mlge.LanguageContainer.LD" FontColor="windowtext" DisplayMode="NameAndAlias" Key="[0,46],[2,48]" />
    <ShapeStyle Type="ISaGRAF.Workbench.Mlge.LanguageContainer.LD.Shape.WbLdContactShape" Assembly="ISaGRAF.Workbench.Mlge.LanguageContainer.LD" FontColor="windowtext" DisplayMode="NameAndAlias" Key="[0,46],[3,46]" />
    <ShapeStyle Type="ISaGRAF.Workbench.Mlge.LanguageContainer.LD.Shape.WbLdContactShape" Assembly="ISaGRAF.Workbench.Mlge.LanguageContainer.LD" FontColor="windowtext" DisplayMode="NameAndAlias" Key="[0,46],[3,48]" />
    <ShapeStyle Type="ISaGRAF.Workbench.Mlge.LanguageContainer.LD.Shape.WbLdContactShape" Assembly="ISaGRAF.Workbench.Mlge.LanguageContainer.LD" FontColor="windowtext" DisplayMode="NameAndAlias" Key="[0,46],[4,46]" />
    <ShapeStyle Type="ISaGRAF.Workbench.Mlge.Core.Shape.WbPouCallShape" Assembly="ISaGRAF.Workbench.Mlge.Core" FunctionBlockInstanceName="true" Alpha="255" Background="Silver" BackgroundGradient="Silver" Key="[0,46],[4,48]" />
    <ShapeStyle Type="ISaGRAF.Workbench.Mlge.LanguageContainer.LD.Shape.WbLDVariableAccessShape" Assembly="ISaGRAF.Workbench.Mlge.LanguageContainer.LD" Alpha="255" Background="#FFFFFFFF" BackgroundGradient="#FFFFFFFF" FontColor="windowtext" DisplayMode="NameAndAlias" Key="[0,46],[4,48],[4,49],[4,49]" />
    <ShapeStyle Type="ISaGRAF.Workbench.Mlge.LanguageContainer.LD.Shape.WbLDVariableAccessShape" Assembly="ISaGRAF.Workbench.Mlge.LanguageContainer.LD" Alpha="255" Background="#FFFFFFFF" BackgroundGradient="#FFFFFFFF" FontColor="windowtext" DisplayMode="NameAndAlias" Key="[0,46],[4,48],[6,49],[6,49]" />
    <ShapeStyle Type="ISaGRAF.Workbench.Mlge.Core.Shape.WbPouCallShape" Assembly="ISaGRAF.Workbench.Mlge.Core" FunctionBlockInstanceName="true" Alpha="255" Background="Silver" BackgroundGradient="Silver" Key="[0,46],[5,46]" />
    <ShapeStyle Type="ISaGRAF.Workbench.Mlge.LanguageContainer.LD.Shape.WbLDVariableAccessShape" Assembly="ISaGRAF.Workbench.Mlge.LanguageContainer.LD" Alpha="255" Background="#FFFFFFFF" BackgroundGradient="#FFFFFFFF" FontColor="windowtext" DisplayMode="NameAndAlias" Key="[0,46],[5,46],[5,47],[5,47]" />
    <ShapeStyle Type="ISaGRAF.Workbench.Mlge.LanguageContainer.LD.Shape.WbLDVariableAccessShape" Assembly="ISaGRAF.Workbench.Mlge.LanguageContainer.LD" Alpha="255" Background="#FFFFFFFF" BackgroundGradient="#FFFFFFFF" FontColor="windowtext" DisplayMode="NameAndAlias" Key="[0,46],[5,46],[7,47],[7,47]" />
    <ShapeStyle Type="ISaGRAF.Workbench.Mlge.LanguageContainer.LD.Shape.WbLdContactShape" Assembly="ISaGRAF.Workbench.Mlge.LanguageContainer.LD" FontColor="windowtext" DisplayMode="NameAndAlias" Key="[0,46],[7,48]" />
    <ShapeStyle Type="ISaGRAF.Workbench.Mlge.LanguageContainer.LD.Shape.WbLdContactShape" Assembly="ISaGRAF.Workbench.Mlge.LanguageContainer.LD" FontColor="windowtext" DisplayMode="NameAndAlias" Key="[0,46],[8,46]" />
    <ShapeStyle Type="ISaGRAF.Workbench.Mlge.LanguageContainer.LD.Shape.WbLdCoilShape" Assembly="ISaGRAF.Workbench.Mlge.LanguageContainer.LD" FontColor="windowtext" DisplayMode="NameAndAlias" Key="[0,46],[9,46]" />
    <ShapeStyle Type="ISaGRAF.Workbench.Mlge.LanguageContainer.LD.Shape.WbLdRungShape" Assembly="ISaGRAF.Workbench.Mlge.LanguageContainer.LD" PowerRailColor="Silver" DisplayLabel="false" RungColor="WhiteSmoke" CommentColor="White" LabelColor="LightGoldenrodYellow" DisplayComment="true" Key="[0,51]" />
    <ShapeStyle Type="ISaGRAF.Workbench.Mlge.LanguageContainer.LD.Shape.WbLdContactShape" Assembly="ISaGRAF.Workbench.Mlge.LanguageContainer.LD" FontColor="windowtext" DisplayMode="NameAndAlias" Key="[0,51],[1,51]" />
    <ShapeStyle Type="ISaGRAF.Workbench.Mlge.LanguageContainer.LD.Shape.WbLdContactShape" Assembly="ISaGRAF.Workbench.Mlge.LanguageContainer.LD" FontColor="windowtext" DisplayMode="NameAndAlias" Key="[0,51],[1,53]" />
    <ShapeStyle Type="ISaGRAF.Workbench.Mlge.Core.Shape.WbPouCallShape" Assembly="ISaGRAF.Workbench.Mlge.Core" FunctionBlockInstanceName="true" Alpha="255" Background="Silver" BackgroundGradient="Silver" Key="[0,51],[2,51]" />
    <ShapeStyle Type="ISaGRAF.Workbench.Mlge.LanguageContainer.LD.Shape.WbLDVariableAccessShape" Assembly="ISaGRAF.Workbench.Mlge.LanguageContainer.LD" Alpha="255" Background="#FFFFFFFF" BackgroundGradient="#FFFFFFFF" FontColor="windowtext" DisplayMode="NameAndAlias" Key="[0,51],[2,51],[2,52],[2,52]" />
    <ShapeStyle Type="ISaGRAF.Workbench.Mlge.LanguageContainer.LD.Shape.WbLDVariableAccessShape" Assembly="ISaGRAF.Workbench.Mlge.LanguageContainer.LD" Alpha="255" Background="#FFFFFFFF" BackgroundGradient="#FFFFFFFF" FontColor="windowtext" DisplayMode="NameAndAlias" Key="[0,51],[2,51],[4,52],[4,52]" />
    <ShapeStyle Type="ISaGRAF.Workbench.Mlge.LanguageContainer.LD.Shape.WbLdContactShape" Assembly="ISaGRAF.Workbench.Mlge.LanguageContainer.LD" FontColor="windowtext" DisplayMode="NameAndAlias" Key="[0,51],[2,53]" />
    <ShapeStyle Type="ISaGRAF.Workbench.Mlge.Core.Shape.WbPouCallShape" Assembly="ISaGRAF.Workbench.Mlge.Core" FunctionBlockInstanceName="true" Alpha="255" Background="Silver" BackgroundGradient="Silver" Key="[0,51],[3,53]" />
    <ShapeStyle Type="ISaGRAF.Workbench.Mlge.LanguageContainer.LD.Shape.WbLDVariableAccessShape" Assembly="ISaGRAF.Workbench.Mlge.LanguageContainer.LD" Alpha="255" Background="#FFFFFFFF" BackgroundGradient="#FFFFFFFF" FontColor="windowtext" DisplayMode="NameAndAlias" Key="[0,51],[3,53],[3,54],[3,54]" />
    <ShapeStyle Type="ISaGRAF.Workbench.Mlge.LanguageContainer.LD.Shape.WbLDVariableAccessShape" Assembly="ISaGRAF.Workbench.Mlge.LanguageContainer.LD" Alpha="255" Background="#FFFFFFFF" BackgroundGradient="#FFFFFFFF" FontColor="windowtext" DisplayMode="NameAndAlias" Key="[0,51],[3,53],[5,54],[5,54]" />
    <ShapeStyle Type="ISaGRAF.Workbench.Mlge.LanguageContainer.LD.Shape.WbLdContactShape" Assembly="ISaGRAF.Workbench.Mlge.LanguageContainer.LD" FontColor="windowtext" DisplayMode="NameAndAlias" Key="[0,51],[5,51]" />
    <ShapeStyle Type="ISaGRAF.Workbench.Mlge.LanguageContainer.LD.Shape.WbLdContactShape" Assembly="ISaGRAF.Workbench.Mlge.LanguageContainer.LD" FontColor="windowtext" DisplayMode="NameAndAlias" Key="[0,51],[6,53]" />
    <ShapeStyle Type="ISaGRAF.Workbench.Mlge.LanguageContainer.LD.Shape.WbLdCoilShape" Assembly="ISaGRAF.Workbench.Mlge.LanguageContainer.LD" FontColor="windowtext" DisplayMode="NameAndAlias" Key="[0,51],[7,51]" />
    <ShapeStyle Type="ISaGRAF.Workbench.Mlge.LanguageContainer.LD.Shape.WbLdRungShape" Assembly="ISaGRAF.Workbench.Mlge.LanguageContainer.LD" PowerRailColor="Silver" DisplayLabel="false" RungColor="WhiteSmoke" CommentColor="White" LabelColor="LightGoldenrodYellow" DisplayComment="true" Key="[0,56]" />
    <ShapeStyle Type="ISaGRAF.Workbench.Mlge.LanguageContainer.LD.Shape.WbLdContactShape" Assembly="ISaGRAF.Workbench.Mlge.LanguageContainer.LD" FontColor="windowtext" DisplayMode="NameAndAlias" Key="[0,56],[1,56]" />
    <ShapeStyle Type="ISaGRAF.Workbench.Mlge.LanguageContainer.LD.Shape.WbLdContactShape" Assembly="ISaGRAF.Workbench.Mlge.LanguageContainer.LD" FontColor="windowtext" DisplayMode="NameAndAlias" Key="[0,56],[1,58]" />
    <ShapeStyle Type="ISaGRAF.Workbench.Mlge.LanguageContainer.LD.Shape.WbLdCoilShape" Assembly="ISaGRAF.Workbench.Mlge.LanguageContainer.LD" FontColor="windowtext" DisplayMode="NameAndAlias" Key="[0,56],[10,56]" />
    <ShapeStyle Type="ISaGRAF.Workbench.Mlge.LanguageContainer.LD.Shape.WbLdContactShape" Assembly="ISaGRAF.Workbench.Mlge.LanguageContainer.LD" FontColor="windowtext" DisplayMode="NameAndAlias" Key="[0,56],[2,56]" />
    <ShapeStyle Type="ISaGRAF.Workbench.Mlge.LanguageContainer.LD.Shape.WbLdContactShape" Assembly="ISaGRAF.Workbench.Mlge.LanguageContainer.LD" FontColor="windowtext" DisplayMode="NameAndAlias" Key="[0,56],[2,58]" />
    <ShapeStyle Type="ISaGRAF.Workbench.Mlge.LanguageContainer.LD.Shape.WbLdContactShape" Assembly="ISaGRAF.Workbench.Mlge.LanguageContainer.LD" FontColor="windowtext" DisplayMode="NameAndAlias" Key="[0,56],[3,56]" />
    <ShapeStyle Type="ISaGRAF.Workbench.Mlge.LanguageContainer.LD.Shape.WbLdContactShape" Assembly="ISaGRAF.Workbench.Mlge.LanguageContainer.LD" FontColor="windowtext" DisplayMode="NameAndAlias" Key="[0,56],[3,58]" />
    <ShapeStyle Type="ISaGRAF.Workbench.Mlge.LanguageContainer.LD.Shape.WbLdContactShape" Assembly="ISaGRAF.Workbench.Mlge.LanguageContainer.LD" FontColor="windowtext" DisplayMode="NameAndAlias" Key="[0,56],[4,56]" />
    <ShapeStyle Type="ISaGRAF.Workbench.Mlge.LanguageContainer.LD.Shape.WbLdContactShape" Assembly="ISaGRAF.Workbench.Mlge.LanguageContainer.LD" FontColor="windowtext" DisplayMode="NameAndAlias" Key="[0,56],[4,58]" />
    <ShapeStyle Type="ISaGRAF.Workbench.Mlge.LanguageContainer.LD.Shape.WbLdContactShape" Assembly="ISaGRAF.Workbench.Mlge.LanguageContainer.LD" FontColor="windowtext" DisplayMode="NameAndAlias" Key="[0,56],[5,56]" />
    <ShapeStyle Type="ISaGRAF.Workbench.Mlge.LanguageContainer.LD.Shape.WbLdContactShape" Assembly="ISaGRAF.Workbench.Mlge.LanguageContainer.LD" FontColor="windowtext" DisplayMode="NameAndAlias" Key="[0,56],[5,58]" />
    <ShapeStyle Type="ISaGRAF.Workbench.Mlge.Core.Shape.WbPouCallShape" Assembly="ISaGRAF.Workbench.Mlge.Core" FunctionBlockInstanceName="true" Alpha="255" Background="Silver" BackgroundGradient="Silver" Key="[0,56],[6,56]" />
    <ShapeStyle Type="ISaGRAF.Workbench.Mlge.LanguageContainer.LD.Shape.WbLDVariableAccessShape" Assembly="ISaGRAF.Workbench.Mlge.LanguageContainer.LD" Alpha="255" Background="#FFFFFFFF" BackgroundGradient="#FFFFFFFF" FontColor="windowtext" DisplayMode="NameAndAlias" Key="[0,56],[6,56],[6,57],[6,57]" />
    <ShapeStyle Type="ISaGRAF.Workbench.Mlge.LanguageContainer.LD.Shape.WbLDVariableAccessShape" Assembly="ISaGRAF.Workbench.Mlge.LanguageContainer.LD" Alpha="255" Background="#FFFFFFFF" BackgroundGradient="#FFFFFFFF" FontColor="windowtext" DisplayMode="NameAndAlias" Key="[0,56],[6,56],[8,57],[8,57]" />
    <ShapeStyle Type="ISaGRAF.Workbench.Mlge.Core.Shape.WbPouCallShape" Assembly="ISaGRAF.Workbench.Mlge.Core" FunctionBlockInstanceName="true" Alpha="255" Background="Silver" BackgroundGradient="Silver" Key="[0,56],[6,58]" />
    <ShapeStyle Type="ISaGRAF.Workbench.Mlge.LanguageContainer.LD.Shape.WbLDVariableAccessShape" Assembly="ISaGRAF.Workbench.Mlge.LanguageContainer.LD" Alpha="255" Background="#FFFFFFFF" BackgroundGradient="#FFFFFFFF" FontColor="windowtext" DisplayMode="NameAndAlias" Key="[0,56],[6,58],[6,59],[6,59]" />
    <ShapeStyle Type="ISaGRAF.Workbench.Mlge.LanguageContainer.LD.Shape.WbLDVariableAccessShape" Assembly="ISaGRAF.Workbench.Mlge.LanguageContainer.LD" Alpha="255" Background="#FFFFFFFF" BackgroundGradient="#FFFFFFFF" FontColor="windowtext" DisplayMode="NameAndAlias" Key="[0,56],[6,58],[8,59],[8,59]" />
    <ShapeStyle Type="ISaGRAF.Workbench.Mlge.LanguageContainer.LD.Shape.WbLdContactShape" Assembly="ISaGRAF.Workbench.Mlge.LanguageContainer.LD" FontColor="windowtext" DisplayMode="NameAndAlias" Key="[0,56],[9,56]" />
    <ShapeStyle Type="ISaGRAF.Workbench.Mlge.LanguageContainer.LD.Shape.WbLdContactShape" Assembly="ISaGRAF.Workbench.Mlge.LanguageContainer.LD" FontColor="windowtext" DisplayMode="NameAndAlias" Key="[0,56],[9,58]" />
    <ShapeStyle Type="ISaGRAF.Workbench.Mlge.LanguageContainer.LD.Shape.WbLdRungShape" Assembly="ISaGRAF.Workbench.Mlge.LanguageContainer.LD" PowerRailColor="Silver" DisplayLabel="false" RungColor="WhiteSmoke" CommentColor="White" LabelColor="LightGoldenrodYellow" DisplayComment="true" Key="[0,61]" />
    <ShapeStyle Type="ISaGRAF.Workbench.Mlge.LanguageContainer.LD.Shape.WbLdContactShape" Assembly="ISaGRAF.Workbench.Mlge.LanguageContainer.LD" FontColor="windowtext" DisplayMode="NameAndAlias" Key="[0,61],[1,61]" />
    <ShapeStyle Type="ISaGRAF.Workbench.Mlge.LanguageContainer.LD.Shape.WbLdContactShape" Assembly="ISaGRAF.Workbench.Mlge.LanguageContainer.LD" FontColor="windowtext" DisplayMode="NameAndAlias" Key="[0,61],[1,63]" />
    <ShapeStyle Type="ISaGRAF.Workbench.Mlge.LanguageContainer.LD.Shape.WbLdContactShape" Assembly="ISaGRAF.Workbench.Mlge.LanguageContainer.LD" FontColor="windowtext" DisplayMode="NameAndAlias" Key="[0,61],[2,61]" />
    <ShapeStyle Type="ISaGRAF.Workbench.Mlge.Core.Shape.WbPouCallShape" Assembly="ISaGRAF.Workbench.Mlge.Core" FunctionBlockInstanceName="true" Alpha="255" Background="Silver" BackgroundGradient="Silver" Key="[0,61],[2,63]" />
    <ShapeStyle Type="ISaGRAF.Workbench.Mlge.LanguageContainer.LD.Shape.WbLDVariableAccessShape" Assembly="ISaGRAF.Workbench.Mlge.LanguageContainer.LD" Alpha="255" Background="#FFFFFFFF" BackgroundGradient="#FFFFFFFF" FontColor="windowtext" DisplayMode="NameAndAlias" Key="[0,61],[2,63],[2,64],[2,64]" />
    <ShapeStyle Type="ISaGRAF.Workbench.Mlge.LanguageContainer.LD.Shape.WbLDVariableAccessShape" Assembly="ISaGRAF.Workbench.Mlge.LanguageContainer.LD" Alpha="255" Background="#FFFFFFFF" BackgroundGradient="#FFFFFFFF" FontColor="windowtext" DisplayMode="NameAndAlias" Key="[0,61],[2,63],[4,64],[4,64]" />
    <ShapeStyle Type="ISaGRAF.Workbench.Mlge.Core.Shape.WbPouCallShape" Assembly="ISaGRAF.Workbench.Mlge.Core" FunctionBlockInstanceName="true" Alpha="255" Background="Silver" BackgroundGradient="Silver" Key="[0,61],[3,61]" />
    <ShapeStyle Type="ISaGRAF.Workbench.Mlge.LanguageContainer.LD.Shape.WbLDVariableAccessShape" Assembly="ISaGRAF.Workbench.Mlge.LanguageContainer.LD" Alpha="255" Background="#FFFFFFFF" BackgroundGradient="#FFFFFFFF" FontColor="windowtext" DisplayMode="NameAndAlias" Key="[0,61],[3,61],[3,62],[3,62]" />
    <ShapeStyle Type="ISaGRAF.Workbench.Mlge.LanguageContainer.LD.Shape.WbLDVariableAccessShape" Assembly="ISaGRAF.Workbench.Mlge.LanguageContainer.LD" Alpha="255" Background="#FFFFFFFF" BackgroundGradient="#FFFFFFFF" FontColor="windowtext" DisplayMode="NameAndAlias" Key="[0,61],[3,61],[5,62],[5,62]" />
    <ShapeStyle Type="ISaGRAF.Workbench.Mlge.LanguageContainer.LD.Shape.WbLdContactShape" Assembly="ISaGRAF.Workbench.Mlge.LanguageContainer.LD" FontColor="windowtext" DisplayMode="NameAndAlias" Key="[0,61],[5,63]" />
    <ShapeStyle Type="ISaGRAF.Workbench.Mlge.LanguageContainer.LD.Shape.WbLdContactShape" Assembly="ISaGRAF.Workbench.Mlge.LanguageContainer.LD" FontColor="windowtext" DisplayMode="NameAndAlias" Key="[0,61],[6,61]" />
    <ShapeStyle Type="ISaGRAF.Workbench.Mlge.LanguageContainer.LD.Shape.WbLdCoilShape" Assembly="ISaGRAF.Workbench.Mlge.LanguageContainer.LD" FontColor="windowtext" DisplayMode="NameAndAlias" Key="[0,61],[7,61]" />
    <ShapeStyle Type="ISaGRAF.Workbench.Mlge.LanguageContainer.LD.Shape.WbLdRungShape" Assembly="ISaGRAF.Workbench.Mlge.LanguageContainer.LD" PowerRailColor="Silver" DisplayLabel="false" RungColor="WhiteSmoke" CommentColor="White" LabelColor="LightGoldenrodYellow" DisplayComment="true" Key="[0,7]">
      <Text></Text>
      <RtfText>{\rtf1\ansi\ansicpg1252\deff0\deflang1033{\fonttbl{\f0\fnil\fcharset0 Microsoft Sans Serif;}}
{\colortbl ;\red0\green128\blue0;}
\viewkind4\uc1\pard\cf1\f0\fs17\par
}
</RtfText>
    </ShapeStyle>
    <ShapeStyle Type="ISaGRAF.Workbench.Mlge.LanguageContainer.LD.Shape.WbLdContactShape" Assembly="ISaGRAF.Workbench.Mlge.LanguageContainer.LD" FontColor="windowtext" DisplayMode="NameAndAlias" Key="[0,7],[1,7]" />
    <ShapeStyle Type="ISaGRAF.Workbench.Mlge.LanguageContainer.LD.Shape.WbLdSubBranchShape" Assembly="ISaGRAF.Workbench.Mlge.LanguageContainer.LD" FontColor="windowtext" DisplayMode="NameAndAlias" Key="[0,7],[2,7]" />
    <ShapeStyle Type="ISaGRAF.Workbench.Mlge.LanguageContainer.LD.Shape.WbLdContactShape" Assembly="ISaGRAF.Workbench.Mlge.LanguageContainer.LD" FontColor="windowtext" DisplayMode="NameAndAlias" Key="[0,7],[3,7]" />
    <ShapeStyle Type="ISaGRAF.Workbench.Mlge.LanguageContainer.LD.Shape.WbLdContactShape" Assembly="ISaGRAF.Workbench.Mlge.LanguageContainer.LD" FontColor="windowtext" DisplayMode="NameAndAlias" Key="[0,7],[4,7]" />
    <ShapeStyle Type="ISaGRAF.Workbench.Mlge.LanguageContainer.LD.Shape.WbLdContactShape" Assembly="ISaGRAF.Workbench.Mlge.LanguageContainer.LD" FontColor="windowtext" DisplayMode="NameAndAlias" Key="[0,7],[5,7]" />
    <ShapeStyle Type="ISaGRAF.Workbench.Mlge.LanguageContainer.LD.Shape.WbLdCoilShape" Assembly="ISaGRAF.Workbench.Mlge.LanguageContainer.LD" FontColor="windowtext" DisplayMode="NameAndAlias" Key="[0,7],[6,7]" />
    <ShapeStyle Type="ISaGRAF.Workbench.Mlge.LanguageContainer.LD.Shape.WbLdCoilShape" Assembly="ISaGRAF.Workbench.Mlge.LanguageContainer.LD" FontColor="windowtext" DisplayMode="NameAndAlias" Key="[0,7],[6,8]" />
  </LanguageContainerStyle>
</Root>