<?xml version="1.0" encoding="utf-8"?>
<Root Version="7">
  <LanguageContainerStyle DisplayGrid="false" FunctionBlockInstanceName="true" VariableDisplayMode="NameAndAlias" VariableAlpha="255" VariableTextColor="windowtext" VariableOnlineTextColor="Red" VariableBackgroundColor="White" VariableGradientColor="White" Font="Microsoft Sans Serif, 8pt" CellWidth="30" CellHeight="25" NbCellsShapeWidth="4" NbCellsShapeHeight="2" CoilAllAligned="false" FitToWindowWidthEnabled="true" RungColor="WhiteSmoke" LabelColor="LightGoldenrodYellow" CommentColor="White" TextCommentColor="Green" PowerRailColor="Silver" DisplayBlockImage="true" DisplayComment="true" PenWidth="2" DisplayLabel="false" OperatorBlockBackgroundColor="buttonface" OperatorBlockGradientColor="buttonface" FunctionBackgroundColor="Ivory" FunctionGradientColor="Ivory" FunctionBlockBackgroundColor="Silver" FunctionBlockGradientColor="Silver" Index="0">
    <ShapeStyle Type="ISaGRAF.Workbench.Mlge.LanguageContainer.LD.Shape.WbLdRungShape" Assembly="ISaGRAF.Workbench.Mlge.LanguageContainer.LD" PowerRailColor="Silver" DisplayLabel="false" RungColor="WhiteSmoke" CommentColor="White" LabelColor="LightGoldenrodYellow" DisplayComment="true" Key="[0,1]">
      <Text>PUSH_START and EMERGENCY_STOP are both buttons the operator can press. Both are variables utilized previously...</Text>
      <RtfText>{\rtf1\ansi\ansicpg1252\deff0\deflang1033{\fonttbl{\f0\fnil\fcharset0 Microsoft Sans Serif;}}
{\colortbl ;\red0\green128\blue0;}
\viewkind4\uc1\pard\cf1\f0\fs17 PUSH_START and EMERGENCY_STOP are both buttons the operator can press. Both are variables utilized previously...\par
}
</RtfText>
    </ShapeStyle>
    <ShapeStyle Type="ISaGRAF.Workbench.Mlge.LanguageContainer.LD.Shape.WbLdContactShape" Assembly="ISaGRAF.Workbench.Mlge.LanguageContainer.LD" FontColor="windowtext" DisplayMode="NameAndAlias" Key="[0,1],[1,1]" />
    <ShapeStyle Type="ISaGRAF.Workbench.Mlge.LanguageContainer.LD.Shape.WbLdContactShape" Assembly="ISaGRAF.Workbench.Mlge.LanguageContainer.LD" FontColor="windowtext" DisplayMode="NameAndAlias" Key="[0,1],[1,2]" />
    <ShapeStyle Type="ISaGRAF.Workbench.Mlge.LanguageContainer.LD.Shape.WbLdContactShape" Assembly="ISaGRAF.Workbench.Mlge.LanguageContainer.LD" FontColor="windowtext" DisplayMode="NameAndAlias" Key="[0,1],[2,1]" />
    <ShapeStyle Type="ISaGRAF.Workbench.Mlge.LanguageContainer.LD.Shape.WbLdSubBranchShape" Assembly="ISaGRAF.Workbench.Mlge.LanguageContainer.LD" FontColor="windowtext" DisplayMode="NameAndAlias" Key="[0,1],[3,1]" />
    <ShapeStyle Type="ISaGRAF.Workbench.Mlge.LanguageContainer.LD.Shape.WbLdRungShape" Assembly="ISaGRAF.Workbench.Mlge.LanguageContainer.LD" PowerRailColor="Silver" DisplayLabel="false" RungColor="WhiteSmoke" CommentColor="White" LabelColor="LightGoldenrodYellow" DisplayComment="true" Key="[0,10]" />
    <ShapeStyle Type="ISaGRAF.Workbench.Mlge.LanguageContainer.LD.Shape.WbLdContactShape" Assembly="ISaGRAF.Workbench.Mlge.LanguageContainer.LD" FontColor="windowtext" DisplayMode="NameAndAlias" Key="[0,10],[1,10]" />
    <ShapeStyle Type="ISaGRAF.Workbench.Mlge.LanguageContainer.LD.Shape.WbLdContactShape" Assembly="ISaGRAF.Workbench.Mlge.LanguageContainer.LD" FontColor="windowtext" DisplayMode="NameAndAlias" Key="[0,10],[1,11]" />
    <ShapeStyle Type="ISaGRAF.Workbench.Mlge.LanguageContainer.LD.Shape.WbLdContactShape" Assembly="ISaGRAF.Workbench.Mlge.LanguageContainer.LD" FontColor="windowtext" DisplayMode="NameAndAlias" Key="[0,10],[2,10]" />
    <ShapeStyle Type="ISaGRAF.Workbench.Mlge.LanguageContainer.LD.Shape.WbLdContactShape" Assembly="ISaGRAF.Workbench.Mlge.LanguageContainer.LD" FontColor="windowtext" DisplayMode="NameAndAlias" Key="[0,10],[3,10]" />
    <ShapeStyle Type="ISaGRAF.Workbench.Mlge.LanguageContainer.LD.Shape.WbLdContactShape" Assembly="ISaGRAF.Workbench.Mlge.LanguageContainer.LD" FontColor="windowtext" DisplayMode="NameAndAlias" Key="[0,10],[4,10]" />
    <ShapeStyle Type="ISaGRAF.Workbench.Mlge.LanguageContainer.LD.Shape.WbLdContactShape" Assembly="ISaGRAF.Workbench.Mlge.LanguageContainer.LD" FontColor="windowtext" DisplayMode="NameAndAlias" Key="[0,10],[5,10]" />
    <ShapeStyle Type="ISaGRAF.Workbench.Mlge.LanguageContainer.LD.Shape.WbLdSubBranchShape" Assembly="ISaGRAF.Workbench.Mlge.LanguageContainer.LD" FontColor="windowtext" DisplayMode="NameAndAlias" Key="[0,10],[6,10]" />
    <ShapeStyle Type="ISaGRAF.Workbench.Mlge.LanguageContainer.LD.Shape.WbLdRungShape" Assembly="ISaGRAF.Workbench.Mlge.LanguageContainer.LD" PowerRailColor="Silver" DisplayLabel="false" RungColor="WhiteSmoke" CommentColor="White" LabelColor="LightGoldenrodYellow" DisplayComment="true" Key="[0,13]" />
    <ShapeStyle Type="ISaGRAF.Workbench.Mlge.LanguageContainer.LD.Shape.WbLdContactShape" Assembly="ISaGRAF.Workbench.Mlge.LanguageContainer.LD" FontColor="windowtext" DisplayMode="NameAndAlias" Key="[0,13],[1,13]" />
    <ShapeStyle Type="ISaGRAF.Workbench.Mlge.LanguageContainer.LD.Shape.WbLdContactShape" Assembly="ISaGRAF.Workbench.Mlge.LanguageContainer.LD" FontColor="windowtext" DisplayMode="NameAndAlias" Key="[0,13],[1,14]" />
    <ShapeStyle Type="ISaGRAF.Workbench.Mlge.LanguageContainer.LD.Shape.WbLdContactShape" Assembly="ISaGRAF.Workbench.Mlge.LanguageContainer.LD" FontColor="windowtext" DisplayMode="NameAndAlias" Key="[0,13],[2,13]" />
    <ShapeStyle Type="ISaGRAF.Workbench.Mlge.LanguageContainer.LD.Shape.WbLdContactShape" Assembly="ISaGRAF.Workbench.Mlge.LanguageContainer.LD" FontColor="windowtext" DisplayMode="NameAndAlias" Key="[0,13],[3,13]" />
    <ShapeStyle Type="ISaGRAF.Workbench.Mlge.LanguageContainer.LD.Shape.WbLdContactShape" Assembly="ISaGRAF.Workbench.Mlge.LanguageContainer.LD" FontColor="windowtext" DisplayMode="NameAndAlias" Key="[0,13],[4,13]" />
    <ShapeStyle Type="ISaGRAF.Workbench.Mlge.LanguageContainer.LD.Shape.WbLdContactShape" Assembly="ISaGRAF.Workbench.Mlge.LanguageContainer.LD" FontColor="windowtext" DisplayMode="NameAndAlias" Key="[0,13],[5,13]" />
    <ShapeStyle Type="ISaGRAF.Workbench.Mlge.LanguageContainer.LD.Shape.WbLdSubBranchShape" Assembly="ISaGRAF.Workbench.Mlge.LanguageContainer.LD" FontColor="windowtext" DisplayMode="NameAndAlias" Key="[0,13],[6,13]" />
    <ShapeStyle Type="ISaGRAF.Workbench.Mlge.LanguageContainer.LD.Shape.WbLdRungShape" Assembly="ISaGRAF.Workbench.Mlge.LanguageContainer.LD" PowerRailColor="Silver" DisplayLabel="false" RungColor="WhiteSmoke" CommentColor="White" LabelColor="LightGoldenrodYellow" DisplayComment="true" Key="[0,16]">
      <Text>If either Scenario 1 or Scenario 4 is selected, then Flow Meter 1 (1400) / Flow Control Valve 1 (1400) will start reading the flow. An ANY_TO_REAL conversion is necessary for the analog input. Next, the analog reading from the flow meter passes through user defined function block FlowControl. In this function block, the reading from the flow meter is adjusted to a value between a certain maximum and minimum flow rate. Finally, this adjusted reading is converted into a percentage that the flow control valve should be open or closed.</Text>
      <RtfText>{\rtf1\ansi\ansicpg1252\deff0\deflang1033{\fonttbl{\f0\fnil\fcharset0 Microsoft Sans Serif;}}
{\colortbl ;\red0\green128\blue0;}
\viewkind4\uc1\pard\cf1\f0\fs16 If either Scenario 1 or Scenario 4 is selected, then Flow Meter 1 (1400) / Flow Control Valve 1 (1400) will start reading the flow. An ANY_TO_REAL conversion is necessary for the analog input. Next, the analog reading from the flow meter passes through user defined function block FlowControl. In this function block, the reading from the flow meter is adjusted to a value between a certain maximum and minimum flow rate. Finally, this adjusted reading is converted into a percentage that the flow control valve should be open or closed.\par
}
</RtfText>
    </ShapeStyle>
    <ShapeStyle Type="ISaGRAF.Workbench.Mlge.LanguageContainer.LD.Shape.WbLdContactShape" Assembly="ISaGRAF.Workbench.Mlge.LanguageContainer.LD" FontColor="windowtext" DisplayMode="NameAndAlias" Key="[0,16],[1,16]" />
    <ShapeStyle Type="ISaGRAF.Workbench.Mlge.LanguageContainer.LD.Shape.WbLdContactShape" Assembly="ISaGRAF.Workbench.Mlge.LanguageContainer.LD" FontColor="windowtext" DisplayMode="NameAndAlias" Key="[0,16],[2,16]" />
    <ShapeStyle Type="ISaGRAF.Workbench.Mlge.LanguageContainer.LD.Shape.WbLdContactShape" Assembly="ISaGRAF.Workbench.Mlge.LanguageContainer.LD" FontColor="windowtext" DisplayMode="NameAndAlias" Key="[0,16],[2,17]" />
    <ShapeStyle Type="ISaGRAF.Workbench.Mlge.LanguageContainer.LD.Shape.WbLdCoilShape" Assembly="ISaGRAF.Workbench.Mlge.LanguageContainer.LD" FontColor="windowtext" DisplayMode="NameAndAlias" Key="[0,16],[3,16]" />
    <ShapeStyle Type="ISaGRAF.Workbench.Mlge.LanguageContainer.LD.Shape.WbLdCoilShape" Assembly="ISaGRAF.Workbench.Mlge.LanguageContainer.LD" FontColor="windowtext" DisplayMode="NameAndAlias" Key="[0,16],[3,17]" />
    <ShapeStyle Type="ISaGRAF.Workbench.Mlge.LanguageContainer.LD.Shape.WbLdRungShape" Assembly="ISaGRAF.Workbench.Mlge.LanguageContainer.LD" PowerRailColor="Silver" DisplayLabel="false" RungColor="WhiteSmoke" CommentColor="White" LabelColor="LightGoldenrodYellow" DisplayComment="true" Key="[0,19]">
      <Text>The idea is that once either FM_1400_Open or FM_1600_Open is enabled, then the HMI will make the 'begin flow control' button visible. Once this button is visible, then the operator can push it, which will toggle the variable FLOW_CONTROL_START to on.</Text>
      <RtfText>{\rtf1\ansi\ansicpg1252\deff0\deflang1033{\fonttbl{\f0\fnil\fcharset0 Microsoft Sans Serif;}}
{\colortbl ;\red0\green128\blue0;}
\viewkind4\uc1\pard\cf1\f0\fs17 The idea is that once either FM_1400_Open or FM_1600_Open is enabled, then the HMI will make the 'begin flow control' button visible. Once this button is visible, then the operator can push it, which will toggle the variable FLOW_CONTROL_START to on.\par
}
</RtfText>
    </ShapeStyle>
    <ShapeStyle Type="ISaGRAF.Workbench.Mlge.LanguageContainer.LD.Shape.WbLdContactShape" Assembly="ISaGRAF.Workbench.Mlge.LanguageContainer.LD" FontColor="windowtext" DisplayMode="NameAndAlias" Key="[0,19],[1,19]" />
    <ShapeStyle Type="ISaGRAF.Workbench.Mlge.LanguageContainer.LD.Shape.WbLdContactShape" Assembly="ISaGRAF.Workbench.Mlge.LanguageContainer.LD" FontColor="windowtext" DisplayMode="NameAndAlias" Key="[0,19],[2,19]" />
    <ShapeStyle Type="ISaGRAF.Workbench.Mlge.LanguageContainer.LD.Shape.WbLdContactShape" Assembly="ISaGRAF.Workbench.Mlge.LanguageContainer.LD" FontColor="windowtext" DisplayMode="NameAndAlias" Key="[0,19],[2,20]" />
    <ShapeStyle Type="ISaGRAF.Workbench.Mlge.LanguageContainer.LD.Shape.WbLdCoilShape" Assembly="ISaGRAF.Workbench.Mlge.LanguageContainer.LD" FontColor="windowtext" DisplayMode="NameAndAlias" Key="[0,19],[3,19]" />
    <ShapeStyle Type="ISaGRAF.Workbench.Mlge.LanguageContainer.LD.Shape.WbLdCoilShape" Assembly="ISaGRAF.Workbench.Mlge.LanguageContainer.LD" FontColor="windowtext" DisplayMode="NameAndAlias" Key="[0,19],[3,20]" />
    <ShapeStyle Type="ISaGRAF.Workbench.Mlge.LanguageContainer.LD.Shape.WbLdRungShape" Assembly="ISaGRAF.Workbench.Mlge.LanguageContainer.LD" PowerRailColor="Silver" DisplayLabel="false" RungColor="WhiteSmoke" CommentColor="White" LabelColor="LightGoldenrodYellow" DisplayComment="true" Key="[0,22]">
      <Text>If the hypothetical operator pulls the 'emergency stop' button and we are in the situation concerning FCV 1400 right now (Scenario 1 or 4), then change the setponts of both FCV-1400 AND FCV-1600 to be 0% open, change the adjusted setpoints of both FCV-1400 and FCV-1600 to be 0% open, and change the FCV-1600 currently open percentage to 0%.</Text>
      <RtfText>{\rtf1\ansi\ansicpg1252\deff0\deflang1033{\fonttbl{\f0\fnil\fcharset0 Microsoft Sans Serif;}}
{\colortbl ;\red0\green128\blue0;}
\viewkind4\uc1\pard\cf1\f0\fs17 If the hypothetical operator pulls the 'emergency stop' button and we are in the situation concerning FCV 1400 right now (Scenario 1 or 4), then change the setponts of both FCV-1400 AND FCV-1600 to be 0% open, change the adjusted setpoints of both FCV-1400 and FCV-1600 to be 0% open, and change the FCV-1600 currently open percentage to 0%.\par
}
</RtfText>
    </ShapeStyle>
    <ShapeStyle Type="ISaGRAF.Workbench.Mlge.LanguageContainer.LD.Shape.WbLdContactShape" Assembly="ISaGRAF.Workbench.Mlge.LanguageContainer.LD" FontColor="windowtext" DisplayMode="NameAndAlias" Key="[0,22],[1,22]" />
    <ShapeStyle Type="ISaGRAF.Workbench.Mlge.LanguageContainer.LD.Shape.WbLdCoilShape" Assembly="ISaGRAF.Workbench.Mlge.LanguageContainer.LD" FontColor="windowtext" DisplayMode="NameAndAlias" Key="[0,22],[12,22]" />
    <ShapeStyle Type="ISaGRAF.Workbench.Mlge.LanguageContainer.LD.Shape.WbLdContactShape" Assembly="ISaGRAF.Workbench.Mlge.LanguageContainer.LD" FontColor="windowtext" DisplayMode="NameAndAlias" Key="[0,22],[2,22]" />
    <ShapeStyle Type="ISaGRAF.Workbench.Mlge.LanguageContainer.LD.Shape.WbLdContactShape" Assembly="ISaGRAF.Workbench.Mlge.LanguageContainer.LD" FontColor="windowtext" DisplayMode="NameAndAlias" Key="[0,22],[2,23]" />
    <ShapeStyle Type="ISaGRAF.Workbench.Mlge.Core.Shape.WbPouCallShape" Assembly="ISaGRAF.Workbench.Mlge.Core" FunctionBlockInstanceName="true" Key="[0,22],[3,22]" />
    <ShapeStyle Type="ISaGRAF.Workbench.Mlge.LanguageContainer.LD.Shape.WbLDVariableAccessShape" Assembly="ISaGRAF.Workbench.Mlge.LanguageContainer.LD" Alpha="255" Background="#FFFFFFFF" BackgroundGradient="#FFFFFFFF" FontColor="windowtext" DisplayMode="NameAndAlias" Key="[0,22],[3,22],[3,23],[3,23]" />
    <ShapeStyle Type="ISaGRAF.Workbench.Mlge.LanguageContainer.LD.Shape.WbLDVariableAccessShape" Assembly="ISaGRAF.Workbench.Mlge.LanguageContainer.LD" Alpha="255" Background="#FFFFFFFF" BackgroundGradient="#FFFFFFFF" FontColor="windowtext" DisplayMode="NameAndAlias" Key="[0,22],[3,22],[5,23],[5,23]" />
    <ShapeStyle Type="ISaGRAF.Workbench.Mlge.Core.Shape.WbPouCallShape" Assembly="ISaGRAF.Workbench.Mlge.Core" FunctionBlockInstanceName="true" Key="[0,22],[3,24]" />
    <ShapeStyle Type="ISaGRAF.Workbench.Mlge.LanguageContainer.LD.Shape.WbLDVariableAccessShape" Assembly="ISaGRAF.Workbench.Mlge.LanguageContainer.LD" Alpha="255" Background="#FFFFFFFF" BackgroundGradient="#FFFFFFFF" FontColor="windowtext" DisplayMode="NameAndAlias" Key="[0,22],[3,24],[3,25],[3,25]" />
    <ShapeStyle Type="ISaGRAF.Workbench.Mlge.LanguageContainer.LD.Shape.WbLDVariableAccessShape" Assembly="ISaGRAF.Workbench.Mlge.LanguageContainer.LD" Alpha="255" Background="#FFFFFFFF" BackgroundGradient="#FFFFFFFF" FontColor="windowtext" DisplayMode="NameAndAlias" Key="[0,22],[3,24],[5,25],[5,25]" />
    <ShapeStyle Type="ISaGRAF.Workbench.Mlge.Core.Shape.WbPouCallShape" Assembly="ISaGRAF.Workbench.Mlge.Core" FunctionBlockInstanceName="true" Key="[0,22],[6,22]" />
    <ShapeStyle Type="ISaGRAF.Workbench.Mlge.LanguageContainer.LD.Shape.WbLDVariableAccessShape" Assembly="ISaGRAF.Workbench.Mlge.LanguageContainer.LD" Alpha="255" Background="#FFFFFFFF" BackgroundGradient="#FFFFFFFF" FontColor="windowtext" DisplayMode="NameAndAlias" Key="[0,22],[6,22],[6,23],[6,23]" />
    <ShapeStyle Type="ISaGRAF.Workbench.Mlge.LanguageContainer.LD.Shape.WbLDVariableAccessShape" Assembly="ISaGRAF.Workbench.Mlge.LanguageContainer.LD" Alpha="255" Background="#FFFFFFFF" BackgroundGradient="#FFFFFFFF" FontColor="windowtext" DisplayMode="NameAndAlias" Key="[0,22],[6,22],[8,23],[8,23]" />
    <ShapeStyle Type="ISaGRAF.Workbench.Mlge.Core.Shape.WbPouCallShape" Assembly="ISaGRAF.Workbench.Mlge.Core" FunctionBlockInstanceName="true" Key="[0,22],[6,24]" />
    <ShapeStyle Type="ISaGRAF.Workbench.Mlge.LanguageContainer.LD.Shape.WbLDVariableAccessShape" Assembly="ISaGRAF.Workbench.Mlge.LanguageContainer.LD" Alpha="255" Background="#FFFFFFFF" BackgroundGradient="#FFFFFFFF" FontColor="windowtext" DisplayMode="NameAndAlias" Key="[0,22],[6,24],[6,25],[6,25]" />
    <ShapeStyle Type="ISaGRAF.Workbench.Mlge.LanguageContainer.LD.Shape.WbLDVariableAccessShape" Assembly="ISaGRAF.Workbench.Mlge.LanguageContainer.LD" Alpha="255" Background="#FFFFFFFF" BackgroundGradient="#FFFFFFFF" FontColor="windowtext" DisplayMode="NameAndAlias" Key="[0,22],[6,24],[8,25],[8,25]" />
    <ShapeStyle Type="ISaGRAF.Workbench.Mlge.Core.Shape.WbPouCallShape" Assembly="ISaGRAF.Workbench.Mlge.Core" FunctionBlockInstanceName="true" Key="[0,22],[9,22]" />
    <ShapeStyle Type="ISaGRAF.Workbench.Mlge.LanguageContainer.LD.Shape.WbLDVariableAccessShape" Assembly="ISaGRAF.Workbench.Mlge.LanguageContainer.LD" Alpha="255" Background="#FFFFFFFF" BackgroundGradient="#FFFFFFFF" FontColor="windowtext" DisplayMode="NameAndAlias" Key="[0,22],[9,22],[11,23],[11,23]" />
    <ShapeStyle Type="ISaGRAF.Workbench.Mlge.LanguageContainer.LD.Shape.WbLDVariableAccessShape" Assembly="ISaGRAF.Workbench.Mlge.LanguageContainer.LD" Alpha="255" Background="#FFFFFFFF" BackgroundGradient="#FFFFFFFF" FontColor="windowtext" DisplayMode="NameAndAlias" Key="[0,22],[9,22],[9,23],[9,23]" />
    <ShapeStyle Type="ISaGRAF.Workbench.Mlge.LanguageContainer.LD.Shape.WbLdRungShape" Assembly="ISaGRAF.Workbench.Mlge.LanguageContainer.LD" PowerRailColor="Silver" DisplayLabel="false" RungColor="WhiteSmoke" CommentColor="White" LabelColor="LightGoldenrodYellow" DisplayComment="true" Key="[0,27]">
      <Text>If the hypothetical operator pulls the 'emergency stop' button and we are in the situation concerning FCV 1600 right now (Scenario 2 or 3), then change the setponts of both FCV-1400 AND FCV-1600 to be 0% open, change the adjusted setpoints of both FCV-1400 and FCV-1600 to be 0% open, and change the FCV-1400 currently open percentage to 0%.</Text>
      <RtfText>{\rtf1\ansi\ansicpg1252\deff0\deflang1033{\fonttbl{\f0\fnil\fcharset0 Microsoft Sans Serif;}}
{\colortbl ;\red0\green128\blue0;}
\viewkind4\uc1\pard\cf1\f0\fs17 If the hypothetical operator pulls the 'emergency stop' button and we are in the situation concerning FCV 1600 right now (Scenario 2 or 3), then change the setponts of both FCV-1400 AND FCV-1600 to be 0% open, change the adjusted setpoints of both FCV-1400 and FCV-1600 to be 0% open, and change the FCV-1400 currently open percentage to 0%.\par
}
</RtfText>
    </ShapeStyle>
    <ShapeStyle Type="ISaGRAF.Workbench.Mlge.LanguageContainer.LD.Shape.WbLdContactShape" Assembly="ISaGRAF.Workbench.Mlge.LanguageContainer.LD" FontColor="windowtext" DisplayMode="NameAndAlias" Key="[0,27],[1,27]" />
    <ShapeStyle Type="ISaGRAF.Workbench.Mlge.LanguageContainer.LD.Shape.WbLdCoilShape" Assembly="ISaGRAF.Workbench.Mlge.LanguageContainer.LD" FontColor="windowtext" DisplayMode="NameAndAlias" Key="[0,27],[12,27]" />
    <ShapeStyle Type="ISaGRAF.Workbench.Mlge.LanguageContainer.LD.Shape.WbLdContactShape" Assembly="ISaGRAF.Workbench.Mlge.LanguageContainer.LD" FontColor="windowtext" DisplayMode="NameAndAlias" Key="[0,27],[2,27]" />
    <ShapeStyle Type="ISaGRAF.Workbench.Mlge.LanguageContainer.LD.Shape.WbLdContactShape" Assembly="ISaGRAF.Workbench.Mlge.LanguageContainer.LD" FontColor="windowtext" DisplayMode="NameAndAlias" Key="[0,27],[2,28]" />
    <ShapeStyle Type="ISaGRAF.Workbench.Mlge.Core.Shape.WbPouCallShape" Assembly="ISaGRAF.Workbench.Mlge.Core" FunctionBlockInstanceName="true" Key="[0,27],[3,27]" />
    <ShapeStyle Type="ISaGRAF.Workbench.Mlge.LanguageContainer.LD.Shape.WbLDVariableAccessShape" Assembly="ISaGRAF.Workbench.Mlge.LanguageContainer.LD" Alpha="255" Background="#FFFFFFFF" BackgroundGradient="#FFFFFFFF" FontColor="windowtext" DisplayMode="NameAndAlias" Key="[0,27],[3,27],[3,28],[3,28]" />
    <ShapeStyle Type="ISaGRAF.Workbench.Mlge.LanguageContainer.LD.Shape.WbLDVariableAccessShape" Assembly="ISaGRAF.Workbench.Mlge.LanguageContainer.LD" Alpha="255" Background="#FFFFFFFF" BackgroundGradient="#FFFFFFFF" FontColor="windowtext" DisplayMode="NameAndAlias" Key="[0,27],[3,27],[5,28],[5,28]" />
    <ShapeStyle Type="ISaGRAF.Workbench.Mlge.Core.Shape.WbPouCallShape" Assembly="ISaGRAF.Workbench.Mlge.Core" FunctionBlockInstanceName="true" Key="[0,27],[3,29]" />
    <ShapeStyle Type="ISaGRAF.Workbench.Mlge.LanguageContainer.LD.Shape.WbLDVariableAccessShape" Assembly="ISaGRAF.Workbench.Mlge.LanguageContainer.LD" Alpha="255" Background="#FFFFFFFF" BackgroundGradient="#FFFFFFFF" FontColor="windowtext" DisplayMode="NameAndAlias" Key="[0,27],[3,29],[3,30],[3,30]" />
    <ShapeStyle Type="ISaGRAF.Workbench.Mlge.LanguageContainer.LD.Shape.WbLDVariableAccessShape" Assembly="ISaGRAF.Workbench.Mlge.LanguageContainer.LD" Alpha="255" Background="#FFFFFFFF" BackgroundGradient="#FFFFFFFF" FontColor="windowtext" DisplayMode="NameAndAlias" Key="[0,27],[3,29],[5,30],[5,30]" />
    <ShapeStyle Type="ISaGRAF.Workbench.Mlge.Core.Shape.WbPouCallShape" Assembly="ISaGRAF.Workbench.Mlge.Core" FunctionBlockInstanceName="true" Key="[0,27],[6,27]" />
    <ShapeStyle Type="ISaGRAF.Workbench.Mlge.LanguageContainer.LD.Shape.WbLDVariableAccessShape" Assembly="ISaGRAF.Workbench.Mlge.LanguageContainer.LD" Alpha="255" Background="#FFFFFFFF" BackgroundGradient="#FFFFFFFF" FontColor="windowtext" DisplayMode="NameAndAlias" Key="[0,27],[6,27],[6,28],[6,28]" />
    <ShapeStyle Type="ISaGRAF.Workbench.Mlge.LanguageContainer.LD.Shape.WbLDVariableAccessShape" Assembly="ISaGRAF.Workbench.Mlge.LanguageContainer.LD" Alpha="255" Background="#FFFFFFFF" BackgroundGradient="#FFFFFFFF" FontColor="windowtext" DisplayMode="NameAndAlias" Key="[0,27],[6,27],[8,28],[8,28]" />
    <ShapeStyle Type="ISaGRAF.Workbench.Mlge.Core.Shape.WbPouCallShape" Assembly="ISaGRAF.Workbench.Mlge.Core" FunctionBlockInstanceName="true" Key="[0,27],[6,29]" />
    <ShapeStyle Type="ISaGRAF.Workbench.Mlge.LanguageContainer.LD.Shape.WbLDVariableAccessShape" Assembly="ISaGRAF.Workbench.Mlge.LanguageContainer.LD" Alpha="255" Background="#FFFFFFFF" BackgroundGradient="#FFFFFFFF" FontColor="windowtext" DisplayMode="NameAndAlias" Key="[0,27],[6,29],[6,30],[6,30]" />
    <ShapeStyle Type="ISaGRAF.Workbench.Mlge.LanguageContainer.LD.Shape.WbLDVariableAccessShape" Assembly="ISaGRAF.Workbench.Mlge.LanguageContainer.LD" Alpha="255" Background="#FFFFFFFF" BackgroundGradient="#FFFFFFFF" FontColor="windowtext" DisplayMode="NameAndAlias" Key="[0,27],[6,29],[8,30],[8,30]" />
    <ShapeStyle Type="ISaGRAF.Workbench.Mlge.Core.Shape.WbPouCallShape" Assembly="ISaGRAF.Workbench.Mlge.Core" FunctionBlockInstanceName="true" Key="[0,27],[9,27]" />
    <ShapeStyle Type="ISaGRAF.Workbench.Mlge.LanguageContainer.LD.Shape.WbLDVariableAccessShape" Assembly="ISaGRAF.Workbench.Mlge.LanguageContainer.LD" Alpha="255" Background="#FFFFFFFF" BackgroundGradient="#FFFFFFFF" FontColor="windowtext" DisplayMode="NameAndAlias" Key="[0,27],[9,27],[11,28],[11,28]" />
    <ShapeStyle Type="ISaGRAF.Workbench.Mlge.LanguageContainer.LD.Shape.WbLDVariableAccessShape" Assembly="ISaGRAF.Workbench.Mlge.LanguageContainer.LD" Alpha="255" Background="#FFFFFFFF" BackgroundGradient="#FFFFFFFF" FontColor="windowtext" DisplayMode="NameAndAlias" Key="[0,27],[9,27],[9,28],[9,28]" />
    <ShapeStyle Type="ISaGRAF.Workbench.Mlge.LanguageContainer.LD.Shape.WbLdRungShape" Assembly="ISaGRAF.Workbench.Mlge.LanguageContainer.LD" PowerRailColor="Silver" DisplayLabel="false" RungColor="WhiteSmoke" CommentColor="White" LabelColor="LightGoldenrodYellow" DisplayComment="true" Key="[0,32]">
      <Text>Additionally, when flow control is off and you don't have a scenario selected (meaning you are either at the scenario selection screen or a screen before that), ensure that the flow setpoints of the FCVs are both reset to 0.</Text>
      <RtfText>{\rtf1\ansi\ansicpg1252\deff0\deflang1033{\fonttbl{\f0\fnil\fcharset0 Microsoft Sans Serif;}}
{\colortbl ;\red0\green128\blue0;}
\viewkind4\uc1\pard\cf1\f0\fs17 Additionally, when flow control is off and you don't have a scenario selected (meaning you are either at the scenario selection screen or a screen before that), ensure that the flow setpoints of the FCVs are both reset to 0.\par
}
</RtfText>
    </ShapeStyle>
    <ShapeStyle Type="ISaGRAF.Workbench.Mlge.LanguageContainer.LD.Shape.WbLdContactShape" Assembly="ISaGRAF.Workbench.Mlge.LanguageContainer.LD" FontColor="windowtext" DisplayMode="NameAndAlias" Key="[0,32],[1,32]" />
    <ShapeStyle Type="ISaGRAF.Workbench.Mlge.LanguageContainer.LD.Shape.WbLdContactShape" Assembly="ISaGRAF.Workbench.Mlge.LanguageContainer.LD" FontColor="windowtext" DisplayMode="NameAndAlias" Key="[0,32],[2,32]" />
    <ShapeStyle Type="ISaGRAF.Workbench.Mlge.LanguageContainer.LD.Shape.WbLdContactShape" Assembly="ISaGRAF.Workbench.Mlge.LanguageContainer.LD" FontColor="windowtext" DisplayMode="NameAndAlias" Key="[0,32],[3,32]" />
    <ShapeStyle Type="ISaGRAF.Workbench.Mlge.Core.Shape.WbPouCallShape" Assembly="ISaGRAF.Workbench.Mlge.Core" FunctionBlockInstanceName="true" Key="[0,32],[4,32]" />
    <ShapeStyle Type="ISaGRAF.Workbench.Mlge.LanguageContainer.LD.Shape.WbLDVariableAccessShape" Assembly="ISaGRAF.Workbench.Mlge.LanguageContainer.LD" Alpha="255" Background="#FFFFFFFF" BackgroundGradient="#FFFFFFFF" FontColor="windowtext" DisplayMode="NameAndAlias" Key="[0,32],[4,32],[4,33],[4,33]" />
    <ShapeStyle Type="ISaGRAF.Workbench.Mlge.LanguageContainer.LD.Shape.WbLDVariableAccessShape" Assembly="ISaGRAF.Workbench.Mlge.LanguageContainer.LD" Alpha="255" Background="#FFFFFFFF" BackgroundGradient="#FFFFFFFF" FontColor="windowtext" DisplayMode="NameAndAlias" Key="[0,32],[4,32],[6,33],[6,33]" />
    <ShapeStyle Type="ISaGRAF.Workbench.Mlge.Core.Shape.WbPouCallShape" Assembly="ISaGRAF.Workbench.Mlge.Core" FunctionBlockInstanceName="true" Alpha="255" Background="buttonface" BackgroundGradient="buttonface" Key="[0,32],[4,34]" />
    <ShapeStyle Type="ISaGRAF.Workbench.Mlge.LanguageContainer.LD.Shape.WbLDVariableAccessShape" Assembly="ISaGRAF.Workbench.Mlge.LanguageContainer.LD" Alpha="255" Background="#FFFFFFFF" BackgroundGradient="#FFFFFFFF" FontColor="windowtext" DisplayMode="NameAndAlias" Key="[0,32],[4,34],[4,35],[4,35]" />
    <ShapeStyle Type="ISaGRAF.Workbench.Mlge.LanguageContainer.LD.Shape.WbLDVariableAccessShape" Assembly="ISaGRAF.Workbench.Mlge.LanguageContainer.LD" Alpha="255" Background="#FFFFFFFF" BackgroundGradient="#FFFFFFFF" FontColor="windowtext" DisplayMode="NameAndAlias" Key="[0,32],[4,34],[6,35],[6,35]" />
    <ShapeStyle Type="ISaGRAF.Workbench.Mlge.Core.Shape.WbPouCallShape" Assembly="ISaGRAF.Workbench.Mlge.Core" FunctionBlockInstanceName="true" Key="[0,32],[7,32]" />
    <ShapeStyle Type="ISaGRAF.Workbench.Mlge.LanguageContainer.LD.Shape.WbLDVariableAccessShape" Assembly="ISaGRAF.Workbench.Mlge.LanguageContainer.LD" Alpha="255" Background="#FFFFFFFF" BackgroundGradient="#FFFFFFFF" FontColor="windowtext" DisplayMode="NameAndAlias" Key="[0,32],[7,32],[7,33],[7,33]" />
    <ShapeStyle Type="ISaGRAF.Workbench.Mlge.LanguageContainer.LD.Shape.WbLDVariableAccessShape" Assembly="ISaGRAF.Workbench.Mlge.LanguageContainer.LD" Alpha="255" Background="#FFFFFFFF" BackgroundGradient="#FFFFFFFF" FontColor="windowtext" DisplayMode="NameAndAlias" Key="[0,32],[7,32],[9,33],[9,33]" />
    <ShapeStyle Type="ISaGRAF.Workbench.Mlge.Core.Shape.WbPouCallShape" Assembly="ISaGRAF.Workbench.Mlge.Core" FunctionBlockInstanceName="true" Key="[0,32],[7,34]" />
    <ShapeStyle Type="ISaGRAF.Workbench.Mlge.LanguageContainer.LD.Shape.WbLDVariableAccessShape" Assembly="ISaGRAF.Workbench.Mlge.LanguageContainer.LD" Alpha="255" Background="#FFFFFFFF" BackgroundGradient="#FFFFFFFF" FontColor="windowtext" DisplayMode="NameAndAlias" Key="[0,32],[7,34],[7,35],[7,35]" />
    <ShapeStyle Type="ISaGRAF.Workbench.Mlge.LanguageContainer.LD.Shape.WbLDVariableAccessShape" Assembly="ISaGRAF.Workbench.Mlge.LanguageContainer.LD" Alpha="255" Background="#FFFFFFFF" BackgroundGradient="#FFFFFFFF" FontColor="windowtext" DisplayMode="NameAndAlias" Key="[0,32],[7,34],[9,35],[9,35]" />
    <ShapeStyle Type="ISaGRAF.Workbench.Mlge.LanguageContainer.LD.Shape.WbLdRungShape" Assembly="ISaGRAF.Workbench.Mlge.LanguageContainer.LD" PowerRailColor="Silver" DisplayLabel="false" RungColor="WhiteSmoke" CommentColor="White" LabelColor="LightGoldenrodYellow" DisplayComment="true" Key="[0,37]">
      <Text>If either 1) Flow Control Start is pressed AND FM_1400 is Open (meaning that emergency stop has not been enabled), then we do the a calculation of the correct FCV open percentage with the operator given setpoint with our user defined function block. OR, if 2) Flow Control Start is off AND FM_1400 is still open (meaning that the emergency stop, which should close all valves, has not been enabled), then we set the FCV_1400_OPEN_PERCENTAGE to be 0 and have the PID gradually decrease the valve open percentage to 0. </Text>
      <RtfText>{\rtf1\ansi\ansicpg1252\deff0\deflang1033{\fonttbl{\f0\fnil\fcharset0 Microsoft Sans Serif;}}
{\colortbl ;\red0\green128\blue0;}
\viewkind4\uc1\pard\cf1\f0\fs17 If either 1) Flow Control Start is pressed AND FM_1400 is Open (meaning that emergency stop has not been enabled), then we do the a calculation of the correct FCV open percentage with the operator given setpoint with our user defined function block. OR, if 2) Flow Control Start is off AND FM_1400 is still open (meaning that the emergency stop, which should close all valves, has not been enabled), then we set the FCV_1400_OPEN_PERCENTAGE to be 0 and have the PID gradually decrease the valve open percentage to 0. \par
}
</RtfText>
    </ShapeStyle>
    <ShapeStyle Type="ISaGRAF.Workbench.Mlge.LanguageContainer.LD.Shape.WbLdContactShape" Assembly="ISaGRAF.Workbench.Mlge.LanguageContainer.LD" FontColor="windowtext" DisplayMode="NameAndAlias" Key="[0,37],[1,37]" />
    <ShapeStyle Type="ISaGRAF.Workbench.Mlge.LanguageContainer.LD.Shape.WbLdContactShape" Assembly="ISaGRAF.Workbench.Mlge.LanguageContainer.LD" FontColor="windowtext" DisplayMode="NameAndAlias" Key="[0,37],[1,43]" />
    <ShapeStyle Type="ISaGRAF.Workbench.Mlge.LanguageContainer.LD.Shape.WbLdSubBranchShape" Assembly="ISaGRAF.Workbench.Mlge.LanguageContainer.LD" FontColor="windowtext" DisplayMode="NameAndAlias" Key="[0,37],[2,37]" />
    <ShapeStyle Type="ISaGRAF.Workbench.Mlge.LanguageContainer.LD.Shape.WbLdContactShape" Assembly="ISaGRAF.Workbench.Mlge.LanguageContainer.LD" FontColor="windowtext" DisplayMode="NameAndAlias" Key="[0,37],[2,43]" />
    <ShapeStyle Type="ISaGRAF.Workbench.Mlge.Core.Shape.WbPouCallShape" Assembly="ISaGRAF.Workbench.Mlge.Core" FunctionBlockInstanceName="true" Alpha="255" Background="Silver" BackgroundGradient="Silver" Key="[0,37],[3,37]" />
    <ShapeStyle Type="ISaGRAF.Workbench.Mlge.LanguageContainer.LD.Shape.WbLDVariableAccessShape" Assembly="ISaGRAF.Workbench.Mlge.LanguageContainer.LD" Alpha="255" Background="#FFFFFFFF" BackgroundGradient="#FFFFFFFF" FontColor="windowtext" DisplayMode="NameAndAlias" Key="[0,37],[3,37],[3,38],[3,38]" />
    <ShapeStyle Type="ISaGRAF.Workbench.Mlge.LanguageContainer.LD.Shape.WbLDVariableAccessShape" Assembly="ISaGRAF.Workbench.Mlge.LanguageContainer.LD" Alpha="255" Background="#FFFFFFFF" BackgroundGradient="#FFFFFFFF" FontColor="windowtext" DisplayMode="NameAndAlias" Key="[0,37],[3,37],[5,38],[5,38]" />
    <ShapeStyle Type="ISaGRAF.Workbench.Mlge.LanguageContainer.LD.Shape.WbLDVariableAccessShape" Assembly="ISaGRAF.Workbench.Mlge.LanguageContainer.LD" Alpha="255" Background="#FFFFFFFF" BackgroundGradient="#FFFFFFFF" FontColor="windowtext" DisplayMode="NameAndAlias" Key="[0,37],[3,37],[5,39],[5,39]" />
    <ShapeStyle Type="ISaGRAF.Workbench.Mlge.LanguageContainer.LD.Shape.WbLDVariableAccessShape" Assembly="ISaGRAF.Workbench.Mlge.LanguageContainer.LD" Alpha="255" Background="#FFFFFFFF" BackgroundGradient="#FFFFFFFF" FontColor="windowtext" DisplayMode="NameAndAlias" Key="[0,37],[3,37],[5,40],[5,40]" />
    <ShapeStyle Type="ISaGRAF.Workbench.Mlge.LanguageContainer.LD.Shape.WbLDVariableAccessShape" Assembly="ISaGRAF.Workbench.Mlge.LanguageContainer.LD" Alpha="255" Background="#FFFFFFFF" BackgroundGradient="#FFFFFFFF" FontColor="windowtext" DisplayMode="NameAndAlias" Key="[0,37],[3,37],[5,41],[5,41]" />
    <ShapeStyle Type="ISaGRAF.Workbench.Mlge.LanguageContainer.LD.Shape.WbLDVariableAccessShape" Assembly="ISaGRAF.Workbench.Mlge.LanguageContainer.LD" Alpha="255" Background="#FFFFFFFF" BackgroundGradient="#FFFFFFFF" FontColor="windowtext" DisplayMode="NameAndAlias" Key="[0,37],[3,37],[5,42],[5,42]" />
    <ShapeStyle Type="ISaGRAF.Workbench.Mlge.LanguageContainer.LD.Shape.WbLdSubBranchShape" Assembly="ISaGRAF.Workbench.Mlge.LanguageContainer.LD" FunctionBlockInstanceName="true" Key="[0,37],[3,43]" />
    <ShapeStyle Type="ISaGRAF.Workbench.Mlge.LanguageContainer.LD.Shape.WbLDVariableAccessShape" Assembly="ISaGRAF.Workbench.Mlge.LanguageContainer.LD" Alpha="255" Background="#FFFFFFFF" BackgroundGradient="#FFFFFFFF" FontColor="windowtext" DisplayMode="NameAndAlias" Key="[0,37],[3,43],[3,44],[3,44]" />
    <ShapeStyle Type="ISaGRAF.Workbench.Mlge.LanguageContainer.LD.Shape.WbLDVariableAccessShape" Assembly="ISaGRAF.Workbench.Mlge.LanguageContainer.LD" Alpha="255" Background="#FFFFFFFF" BackgroundGradient="#FFFFFFFF" FontColor="windowtext" DisplayMode="NameAndAlias" Key="[0,37],[3,43],[5,44],[5,44]" />
    <ShapeStyle Type="ISaGRAF.Workbench.Mlge.Core.Shape.WbPouCallShape" Assembly="ISaGRAF.Workbench.Mlge.Core" FunctionBlockInstanceName="true" Alpha="255" Background="buttonface" BackgroundGradient="buttonface" Key="[0,37],[6,37]" />
    <ShapeStyle Type="ISaGRAF.Workbench.Mlge.LanguageContainer.LD.Shape.WbLDVariableAccessShape" Assembly="ISaGRAF.Workbench.Mlge.LanguageContainer.LD" Alpha="255" Background="#FFFFFFFF" BackgroundGradient="#FFFFFFFF" FontColor="windowtext" DisplayMode="NameAndAlias" Key="[0,37],[6,37],[6,38],[6,38]" />
    <ShapeStyle Type="ISaGRAF.Workbench.Mlge.LanguageContainer.LD.Shape.WbLDVariableAccessShape" Assembly="ISaGRAF.Workbench.Mlge.LanguageContainer.LD" Alpha="255" Background="#FFFFFFFF" BackgroundGradient="#FFFFFFFF" FontColor="windowtext" DisplayMode="NameAndAlias" Key="[0,37],[6,37],[8,38],[8,38]" />
    <ShapeStyle Type="ISaGRAF.Workbench.Mlge.LanguageContainer.LD.Shape.WbLdCoilShape" Assembly="ISaGRAF.Workbench.Mlge.LanguageContainer.LD" FontColor="windowtext" DisplayMode="NameAndAlias" Key="[0,37],[9,37]" />
    <ShapeStyle Type="ISaGRAF.Workbench.Mlge.LanguageContainer.LD.Shape.WbLdCoilShape" Assembly="ISaGRAF.Workbench.Mlge.LanguageContainer.LD" FontColor="windowtext" DisplayMode="NameAndAlias" Key="[0,37],[9,38]" />
    <ShapeStyle Type="ISaGRAF.Workbench.Mlge.LanguageContainer.LD.Shape.WbLdRungShape" Assembly="ISaGRAF.Workbench.Mlge.LanguageContainer.LD" PowerRailColor="Silver" DisplayLabel="false" RungColor="WhiteSmoke" CommentColor="White" LabelColor="LightGoldenrodYellow" DisplayComment="true" Key="[0,4]">
      <Text>The next four rungs include holding circuits of scenario selection. SCENARIO1_START to SCENARIO4_START are ALL buttons that the operator can press on the HMI. As an interlock to ensure that only ONE scenario is selected at once, break conditions have been put in (scenario 1 can only be turned on if scenario 2, 3, and 4 are all off).
</Text>
      <RtfText>{\rtf1\ansi\ansicpg1252\deff0\deflang1033{\fonttbl{\f0\fnil\fcharset0 Microsoft Sans Serif;}}
{\colortbl ;\red0\green128\blue0;}
\viewkind4\uc1\pard\cf1\f0\fs17 The next four rungs include holding circuits of scenario selection. SCENARIO1_START to SCENARIO4_START are ALL buttons that the operator can press on the HMI. As an interlock to ensure that only ONE scenario is selected at once, break conditions have been put in (scenario 1 can only be turned on if scenario 2, 3, and 4 are all off).\par
\par
}
</RtfText>
    </ShapeStyle>
    <ShapeStyle Type="ISaGRAF.Workbench.Mlge.LanguageContainer.LD.Shape.WbLdContactShape" Assembly="ISaGRAF.Workbench.Mlge.LanguageContainer.LD" FontColor="windowtext" DisplayMode="NameAndAlias" Key="[0,4],[1,4]" />
    <ShapeStyle Type="ISaGRAF.Workbench.Mlge.LanguageContainer.LD.Shape.WbLdContactShape" Assembly="ISaGRAF.Workbench.Mlge.LanguageContainer.LD" FontColor="windowtext" DisplayMode="NameAndAlias" Key="[0,4],[1,5]" />
    <ShapeStyle Type="ISaGRAF.Workbench.Mlge.LanguageContainer.LD.Shape.WbLdContactShape" Assembly="ISaGRAF.Workbench.Mlge.LanguageContainer.LD" FontColor="windowtext" DisplayMode="NameAndAlias" Key="[0,4],[2,4]" />
    <ShapeStyle Type="ISaGRAF.Workbench.Mlge.LanguageContainer.LD.Shape.WbLdContactShape" Assembly="ISaGRAF.Workbench.Mlge.LanguageContainer.LD" FontColor="windowtext" DisplayMode="NameAndAlias" Key="[0,4],[3,4]" />
    <ShapeStyle Type="ISaGRAF.Workbench.Mlge.LanguageContainer.LD.Shape.WbLdContactShape" Assembly="ISaGRAF.Workbench.Mlge.LanguageContainer.LD" FontColor="windowtext" DisplayMode="NameAndAlias" Key="[0,4],[4,4]" />
    <ShapeStyle Type="ISaGRAF.Workbench.Mlge.LanguageContainer.LD.Shape.WbLdContactShape" Assembly="ISaGRAF.Workbench.Mlge.LanguageContainer.LD" FontColor="windowtext" DisplayMode="NameAndAlias" Key="[0,4],[5,4]" />
    <ShapeStyle Type="ISaGRAF.Workbench.Mlge.LanguageContainer.LD.Shape.WbLdSubBranchShape" Assembly="ISaGRAF.Workbench.Mlge.LanguageContainer.LD" FontColor="windowtext" DisplayMode="NameAndAlias" Key="[0,4],[6,4]" />
    <ShapeStyle Type="ISaGRAF.Workbench.Mlge.LanguageContainer.LD.Shape.WbLdRungShape" Assembly="ISaGRAF.Workbench.Mlge.LanguageContainer.LD" PowerRailColor="Silver" DisplayLabel="false" RungColor="WhiteSmoke" CommentColor="White" LabelColor="LightGoldenrodYellow" DisplayComment="true" Key="[0,46]">
      <Text></Text>
      <RtfText>{\rtf1\ansi\ansicpg1252\deff0\deflang1033{\fonttbl{\f0\fnil\fcharset0 Microsoft Sans Serif;}}
{\colortbl ;\red0\green128\blue0;}
\viewkind4\uc1\pard\cf1\f0\fs17\par
}
</RtfText>
    </ShapeStyle>
    <ShapeStyle Type="ISaGRAF.Workbench.Mlge.LanguageContainer.LD.Shape.WbLdContactShape" Assembly="ISaGRAF.Workbench.Mlge.LanguageContainer.LD" FontColor="windowtext" DisplayMode="NameAndAlias" Key="[0,46],[1,46]" />
    <ShapeStyle Type="ISaGRAF.Workbench.Mlge.LanguageContainer.LD.Shape.WbLdContactShape" Assembly="ISaGRAF.Workbench.Mlge.LanguageContainer.LD" FontColor="windowtext" DisplayMode="NameAndAlias" Key="[0,46],[1,47]" />
    <ShapeStyle Type="ISaGRAF.Workbench.Mlge.Core.Shape.WbPouCallShape" Assembly="ISaGRAF.Workbench.Mlge.Core" FunctionBlockInstanceName="true" Alpha="255" Background="buttonface" BackgroundGradient="buttonface" Key="[0,46],[12,46]" />
    <ShapeStyle Type="ISaGRAF.Workbench.Mlge.LanguageContainer.LD.Shape.WbLDVariableAccessShape" Assembly="ISaGRAF.Workbench.Mlge.LanguageContainer.LD" Alpha="255" Background="#FFFFFFFF" BackgroundGradient="#FFFFFFFF" FontColor="windowtext" DisplayMode="NameAndAlias" Key="[0,46],[12,46],[12,47],[12,47]" />
    <ShapeStyle Type="ISaGRAF.Workbench.Mlge.LanguageContainer.LD.Shape.WbLDVariableAccessShape" Assembly="ISaGRAF.Workbench.Mlge.LanguageContainer.LD" Alpha="255" Background="#FFFFFFFF" BackgroundGradient="#FFFFFFFF" FontColor="windowtext" DisplayMode="NameAndAlias" Key="[0,46],[12,46],[14,47],[14,47]" />
    <ShapeStyle Type="ISaGRAF.Workbench.Mlge.LanguageContainer.LD.Shape.WbLdContactShape" Assembly="ISaGRAF.Workbench.Mlge.LanguageContainer.LD" FontColor="windowtext" DisplayMode="NameAndAlias" Key="[0,46],[2,46]" />
    <ShapeStyle Type="ISaGRAF.Workbench.Mlge.Core.Shape.WbPouCallShape" Assembly="ISaGRAF.Workbench.Mlge.Core" FunctionBlockInstanceName="true" Alpha="255" Background="Silver" BackgroundGradient="Silver" Key="[0,46],[3,46]" />
    <ShapeStyle Type="ISaGRAF.Workbench.Mlge.LanguageContainer.LD.Shape.WbLDVariableAccessShape" Assembly="ISaGRAF.Workbench.Mlge.LanguageContainer.LD" Alpha="255" Background="#FFFFFFFF" BackgroundGradient="#FFFFFFFF" FontColor="windowtext" DisplayMode="NameAndAlias" Key="[0,46],[3,46],[3,47],[3,47]" />
    <ShapeStyle Type="ISaGRAF.Workbench.Mlge.LanguageContainer.LD.Shape.WbLDVariableAccessShape" Assembly="ISaGRAF.Workbench.Mlge.LanguageContainer.LD" Alpha="255" Background="#FFFFFFFF" BackgroundGradient="#FFFFFFFF" FontColor="windowtext" DisplayMode="NameAndAlias" Key="[0,46],[3,46],[3,48],[3,48]" />
    <ShapeStyle Type="ISaGRAF.Workbench.Mlge.LanguageContainer.LD.Shape.WbLDVariableAccessShape" Assembly="ISaGRAF.Workbench.Mlge.LanguageContainer.LD" Alpha="255" Background="#FFFFFFFF" BackgroundGradient="#FFFFFFFF" FontColor="windowtext" DisplayMode="NameAndAlias" Key="[0,46],[3,46],[3,49],[3,49]" />
    <ShapeStyle Type="ISaGRAF.Workbench.Mlge.LanguageContainer.LD.Shape.WbLDVariableAccessShape" Assembly="ISaGRAF.Workbench.Mlge.LanguageContainer.LD" Alpha="255" Background="#FFFFFFFF" BackgroundGradient="#FFFFFFFF" FontColor="windowtext" DisplayMode="NameAndAlias" Key="[0,46],[3,46],[3,50],[3,50]" />
    <ShapeStyle Type="ISaGRAF.Workbench.Mlge.LanguageContainer.LD.Shape.WbLDVariableAccessShape" Assembly="ISaGRAF.Workbench.Mlge.LanguageContainer.LD" Alpha="255" Background="#FFFFFFFF" BackgroundGradient="#FFFFFFFF" FontColor="windowtext" DisplayMode="NameAndAlias" Key="[0,46],[3,46],[3,51],[3,51]" />
    <ShapeStyle Type="ISaGRAF.Workbench.Mlge.LanguageContainer.LD.Shape.WbLDVariableAccessShape" Assembly="ISaGRAF.Workbench.Mlge.LanguageContainer.LD" Alpha="255" Background="#FFFFFFFF" BackgroundGradient="#FFFFFFFF" FontColor="windowtext" DisplayMode="NameAndAlias" Key="[0,46],[3,46],[3,52],[3,52]" />
    <ShapeStyle Type="ISaGRAF.Workbench.Mlge.LanguageContainer.LD.Shape.WbLDVariableAccessShape" Assembly="ISaGRAF.Workbench.Mlge.LanguageContainer.LD" Alpha="255" Background="#FFFFFFFF" BackgroundGradient="#FFFFFFFF" FontColor="windowtext" DisplayMode="NameAndAlias" Key="[0,46],[3,46],[3,53],[3,53]" />
    <ShapeStyle Type="ISaGRAF.Workbench.Mlge.LanguageContainer.LD.Shape.WbLDVariableAccessShape" Assembly="ISaGRAF.Workbench.Mlge.LanguageContainer.LD" Alpha="255" Background="#FFFFFFFF" BackgroundGradient="#FFFFFFFF" FontColor="windowtext" DisplayMode="NameAndAlias" Key="[0,46],[3,46],[3,54],[3,54]" />
    <ShapeStyle Type="ISaGRAF.Workbench.Mlge.LanguageContainer.LD.Shape.WbLDVariableAccessShape" Assembly="ISaGRAF.Workbench.Mlge.LanguageContainer.LD" Alpha="255" Background="#FFFFFFFF" BackgroundGradient="#FFFFFFFF" FontColor="windowtext" DisplayMode="NameAndAlias" Key="[0,46],[3,46],[5,47],[5,47]" />
    <ShapeStyle Type="ISaGRAF.Workbench.Mlge.LanguageContainer.LD.Shape.WbLDVariableAccessShape" Assembly="ISaGRAF.Workbench.Mlge.LanguageContainer.LD" Alpha="255" Background="#FFFFFFFF" BackgroundGradient="#FFFFFFFF" FontColor="windowtext" DisplayMode="NameAndAlias" Key="[0,46],[3,46],[5,48],[5,48]" />
    <ShapeStyle Type="ISaGRAF.Workbench.Mlge.LanguageContainer.LD.Shape.WbLDVariableAccessShape" Assembly="ISaGRAF.Workbench.Mlge.LanguageContainer.LD" Alpha="255" Background="#FFFFFFFF" BackgroundGradient="#FFFFFFFF" FontColor="windowtext" DisplayMode="NameAndAlias" Key="[0,46],[3,46],[5,49],[5,49]" />
    <ShapeStyle Type="ISaGRAF.Workbench.Mlge.LanguageContainer.LD.Shape.WbLDVariableAccessShape" Assembly="ISaGRAF.Workbench.Mlge.LanguageContainer.LD" Alpha="255" Background="#FFFFFFFF" BackgroundGradient="#FFFFFFFF" FontColor="windowtext" DisplayMode="NameAndAlias" Key="[0,46],[3,46],[5,50],[5,50]" />
    <ShapeStyle Type="ISaGRAF.Workbench.Mlge.Core.Shape.WbPouCallShape" Assembly="ISaGRAF.Workbench.Mlge.Core" FunctionBlockInstanceName="true" Alpha="255" Background="Silver" BackgroundGradient="Silver" Key="[0,46],[6,46]" />
    <ShapeStyle Type="ISaGRAF.Workbench.Mlge.LanguageContainer.LD.Shape.WbLDVariableAccessShape" Assembly="ISaGRAF.Workbench.Mlge.LanguageContainer.LD" Alpha="255" Background="#FFFFFFFF" BackgroundGradient="#FFFFFFFF" FontColor="windowtext" DisplayMode="NameAndAlias" Key="[0,46],[6,46],[6,47],[6,47]" />
    <ShapeStyle Type="ISaGRAF.Workbench.Mlge.LanguageContainer.LD.Shape.WbLDVariableAccessShape" Assembly="ISaGRAF.Workbench.Mlge.LanguageContainer.LD" Alpha="255" Background="#FFFFFFFF" BackgroundGradient="#FFFFFFFF" FontColor="windowtext" DisplayMode="NameAndAlias" Key="[0,46],[6,46],[6,48],[6,48]" />
    <ShapeStyle Type="ISaGRAF.Workbench.Mlge.LanguageContainer.LD.Shape.WbLDVariableAccessShape" Assembly="ISaGRAF.Workbench.Mlge.LanguageContainer.LD" Alpha="255" Background="#FFFFFFFF" BackgroundGradient="#FFFFFFFF" FontColor="windowtext" DisplayMode="NameAndAlias" Key="[0,46],[6,46],[6,49],[6,49]" />
    <ShapeStyle Type="ISaGRAF.Workbench.Mlge.LanguageContainer.LD.Shape.WbLDVariableAccessShape" Assembly="ISaGRAF.Workbench.Mlge.LanguageContainer.LD" Alpha="255" Background="#FFFFFFFF" BackgroundGradient="#FFFFFFFF" FontColor="windowtext" DisplayMode="NameAndAlias" Key="[0,46],[6,46],[6,50],[6,50]" />
    <ShapeStyle Type="ISaGRAF.Workbench.Mlge.LanguageContainer.LD.Shape.WbLDVariableAccessShape" Assembly="ISaGRAF.Workbench.Mlge.LanguageContainer.LD" Alpha="255" Background="#FFFFFFFF" BackgroundGradient="#FFFFFFFF" FontColor="windowtext" DisplayMode="NameAndAlias" Key="[0,46],[6,46],[8,47],[8,47]" />
    <ShapeStyle Type="ISaGRAF.Workbench.Mlge.LanguageContainer.LD.Shape.WbLDVariableAccessShape" Assembly="ISaGRAF.Workbench.Mlge.LanguageContainer.LD" Alpha="255" Background="#FFFFFFFF" BackgroundGradient="#FFFFFFFF" FontColor="windowtext" DisplayMode="NameAndAlias" Key="[0,46],[6,46],[8,48],[8,48]" />
    <ShapeStyle Type="ISaGRAF.Workbench.Mlge.Core.Shape.WbPouCallShape" Assembly="ISaGRAF.Workbench.Mlge.Core" FunctionBlockInstanceName="true" Alpha="255" Background="Silver" BackgroundGradient="Silver" Key="[0,46],[9,46]" />
    <ShapeStyle Type="ISaGRAF.Workbench.Mlge.LanguageContainer.LD.Shape.WbLDVariableAccessShape" Assembly="ISaGRAF.Workbench.Mlge.LanguageContainer.LD" Alpha="255" Background="#FFFFFFFF" BackgroundGradient="#FFFFFFFF" FontColor="windowtext" DisplayMode="NameAndAlias" Key="[0,46],[9,46],[11,47],[11,47]" />
    <ShapeStyle Type="ISaGRAF.Workbench.Mlge.LanguageContainer.LD.Shape.WbLDVariableAccessShape" Assembly="ISaGRAF.Workbench.Mlge.LanguageContainer.LD" Alpha="255" Background="#FFFFFFFF" BackgroundGradient="#FFFFFFFF" FontColor="windowtext" DisplayMode="NameAndAlias" Key="[0,46],[9,46],[9,47],[9,47]" />
    <ShapeStyle Type="ISaGRAF.Workbench.Mlge.LanguageContainer.LD.Shape.WbLDVariableAccessShape" Assembly="ISaGRAF.Workbench.Mlge.LanguageContainer.LD" Alpha="255" Background="#FFFFFFFF" BackgroundGradient="#FFFFFFFF" FontColor="windowtext" DisplayMode="NameAndAlias" Key="[0,46],[9,46],[9,48],[9,48]" />
    <ShapeStyle Type="ISaGRAF.Workbench.Mlge.LanguageContainer.LD.Shape.WbLDVariableAccessShape" Assembly="ISaGRAF.Workbench.Mlge.LanguageContainer.LD" Alpha="255" Background="#FFFFFFFF" BackgroundGradient="#FFFFFFFF" FontColor="windowtext" DisplayMode="NameAndAlias" Key="[0,46],[9,46],[9,49],[9,49]" />
    <ShapeStyle Type="ISaGRAF.Workbench.Mlge.LanguageContainer.LD.Shape.WbLdRungShape" Assembly="ISaGRAF.Workbench.Mlge.LanguageContainer.LD" PowerRailColor="Silver" DisplayLabel="false" RungColor="WhiteSmoke" CommentColor="White" LabelColor="LightGoldenrodYellow" DisplayComment="true" Key="[0,57]">
      <Text>Utilizes the 'Less than or Equal To' function block (returns true if the first value is less than or equal to the second value). If the absolute error of the PID_1400 is less than or equal to 1 AND the setpoint is equal to 0,  then we want to shut FCV-1400 completely without worrying about some really slow sort of PID degradation. Thus, we can immediately set the valve open amount to 0.</Text>
      <RtfText>{\rtf1\ansi\ansicpg1252\deff0\deflang1033{\fonttbl{\f0\fnil\fcharset0 Microsoft Sans Serif;}}
{\colortbl ;\red0\green128\blue0;}
\viewkind4\uc1\pard\cf1\f0\fs17 Utilizes the 'Less than or Equal To' function block (returns true if the first value is less than or equal to the second value). If the absolute error of the PID_1400 is less than or equal to 1 AND the setpoint is equal to 0,  then we want to shut FCV-1400 completely without worrying about some really slow sort of PID degradation. Thus, we can immediately set the valve open amount to 0.\par
}
</RtfText>
    </ShapeStyle>
    <ShapeStyle Type="ISaGRAF.Workbench.Mlge.Core.Shape.WbPouCallShape" Assembly="ISaGRAF.Workbench.Mlge.Core" FunctionBlockInstanceName="true" Key="[0,57],[1,57]" />
    <ShapeStyle Type="ISaGRAF.Workbench.Mlge.LanguageContainer.LD.Shape.WbLDVariableAccessShape" Assembly="ISaGRAF.Workbench.Mlge.LanguageContainer.LD" Alpha="255" Background="#FFFFFFFF" BackgroundGradient="#FFFFFFFF" FontColor="windowtext" DisplayMode="NameAndAlias" Key="[0,57],[1,57],[1,58],[1,58]" />
    <ShapeStyle Type="ISaGRAF.Workbench.Mlge.LanguageContainer.LD.Shape.WbLDVariableAccessShape" Assembly="ISaGRAF.Workbench.Mlge.LanguageContainer.LD" Alpha="255" Background="#FFFFFFFF" BackgroundGradient="#FFFFFFFF" FontColor="windowtext" DisplayMode="NameAndAlias" Key="[0,57],[1,57],[1,59],[1,59]" />
    <ShapeStyle Type="ISaGRAF.Workbench.Mlge.LanguageContainer.LD.Shape.WbLdCoilShape" Assembly="ISaGRAF.Workbench.Mlge.LanguageContainer.LD" FontColor="windowtext" DisplayMode="NameAndAlias" Key="[0,57],[10,57]" />
    <ShapeStyle Type="ISaGRAF.Workbench.Mlge.Core.Shape.WbPouCallShape" Assembly="ISaGRAF.Workbench.Mlge.Core" FunctionBlockInstanceName="true" Key="[0,57],[4,57]" />
    <ShapeStyle Type="ISaGRAF.Workbench.Mlge.LanguageContainer.LD.Shape.WbLDVariableAccessShape" Assembly="ISaGRAF.Workbench.Mlge.LanguageContainer.LD" Alpha="255" Background="#FFFFFFFF" BackgroundGradient="#FFFFFFFF" FontColor="windowtext" DisplayMode="NameAndAlias" Key="[0,57],[4,57],[4,58],[4,58]" />
    <ShapeStyle Type="ISaGRAF.Workbench.Mlge.LanguageContainer.LD.Shape.WbLDVariableAccessShape" Assembly="ISaGRAF.Workbench.Mlge.LanguageContainer.LD" Alpha="255" Background="#FFFFFFFF" BackgroundGradient="#FFFFFFFF" FontColor="windowtext" DisplayMode="NameAndAlias" Key="[0,57],[4,57],[4,59],[4,59]" />
    <ShapeStyle Type="ISaGRAF.Workbench.Mlge.Core.Shape.WbPouCallShape" Assembly="ISaGRAF.Workbench.Mlge.Core" FunctionBlockInstanceName="true" Key="[0,57],[7,57]" />
    <ShapeStyle Type="ISaGRAF.Workbench.Mlge.LanguageContainer.LD.Shape.WbLDVariableAccessShape" Assembly="ISaGRAF.Workbench.Mlge.LanguageContainer.LD" Alpha="255" Background="#FFFFFFFF" BackgroundGradient="#FFFFFFFF" FontColor="windowtext" DisplayMode="NameAndAlias" Key="[0,57],[7,57],[7,58],[7,58]" />
    <ShapeStyle Type="ISaGRAF.Workbench.Mlge.LanguageContainer.LD.Shape.WbLDVariableAccessShape" Assembly="ISaGRAF.Workbench.Mlge.LanguageContainer.LD" Alpha="255" Background="#FFFFFFFF" BackgroundGradient="#FFFFFFFF" FontColor="windowtext" DisplayMode="NameAndAlias" Key="[0,57],[7,57],[9,58],[9,58]" />
    <ShapeStyle Type="ISaGRAF.Workbench.Mlge.LanguageContainer.LD.Shape.WbLdRungShape" Assembly="ISaGRAF.Workbench.Mlge.LanguageContainer.LD" PowerRailColor="Silver" DisplayLabel="false" RungColor="WhiteSmoke" CommentColor="White" LabelColor="LightGoldenrodYellow" DisplayComment="true" Key="[0,61]">
      <Text></Text>
      <RtfText>{\rtf1\ansi\ansicpg1252\deff0\deflang1033{\fonttbl{\f0\fnil\fcharset0 Microsoft Sans Serif;}}
{\colortbl ;\red0\green128\blue0;}
\viewkind4\uc1\pard\cf1\f0\fs17\par
}
</RtfText>
    </ShapeStyle>
    <ShapeStyle Type="ISaGRAF.Workbench.Mlge.LanguageContainer.LD.Shape.WbLdContactShape" Assembly="ISaGRAF.Workbench.Mlge.LanguageContainer.LD" FontColor="windowtext" DisplayMode="NameAndAlias" Key="[0,61],[1,61]" />
    <ShapeStyle Type="ISaGRAF.Workbench.Mlge.LanguageContainer.LD.Shape.WbLdContactShape" Assembly="ISaGRAF.Workbench.Mlge.LanguageContainer.LD" FontColor="windowtext" DisplayMode="NameAndAlias" Key="[0,61],[1,67]" />
    <ShapeStyle Type="ISaGRAF.Workbench.Mlge.LanguageContainer.LD.Shape.WbLdSubBranchShape" Assembly="ISaGRAF.Workbench.Mlge.LanguageContainer.LD" FontColor="windowtext" DisplayMode="NameAndAlias" Key="[0,61],[2,61]" />
    <ShapeStyle Type="ISaGRAF.Workbench.Mlge.LanguageContainer.LD.Shape.WbLdContactShape" Assembly="ISaGRAF.Workbench.Mlge.LanguageContainer.LD" FontColor="windowtext" DisplayMode="NameAndAlias" Key="[0,61],[2,67]" />
    <ShapeStyle Type="ISaGRAF.Workbench.Mlge.Core.Shape.WbPouCallShape" Assembly="ISaGRAF.Workbench.Mlge.Core" FunctionBlockInstanceName="true" Key="[0,61],[3,61]" />
    <ShapeStyle Type="ISaGRAF.Workbench.Mlge.LanguageContainer.LD.Shape.WbLDVariableAccessShape" Assembly="ISaGRAF.Workbench.Mlge.LanguageContainer.LD" Alpha="255" Background="#FFFFFFFF" BackgroundGradient="#FFFFFFFF" FontColor="windowtext" DisplayMode="NameAndAlias" Key="[0,61],[3,61],[3,62],[3,62]" />
    <ShapeStyle Type="ISaGRAF.Workbench.Mlge.LanguageContainer.LD.Shape.WbLDVariableAccessShape" Assembly="ISaGRAF.Workbench.Mlge.LanguageContainer.LD" Alpha="255" Background="#FFFFFFFF" BackgroundGradient="#FFFFFFFF" FontColor="windowtext" DisplayMode="NameAndAlias" Key="[0,61],[3,61],[5,62],[5,62]" />
    <ShapeStyle Type="ISaGRAF.Workbench.Mlge.LanguageContainer.LD.Shape.WbLDVariableAccessShape" Assembly="ISaGRAF.Workbench.Mlge.LanguageContainer.LD" Alpha="255" Background="#FFFFFFFF" BackgroundGradient="#FFFFFFFF" FontColor="windowtext" DisplayMode="NameAndAlias" Key="[0,61],[3,61],[5,63],[5,63]" />
    <ShapeStyle Type="ISaGRAF.Workbench.Mlge.LanguageContainer.LD.Shape.WbLDVariableAccessShape" Assembly="ISaGRAF.Workbench.Mlge.LanguageContainer.LD" Alpha="255" Background="#FFFFFFFF" BackgroundGradient="#FFFFFFFF" FontColor="windowtext" DisplayMode="NameAndAlias" Key="[0,61],[3,61],[5,64],[5,64]" />
    <ShapeStyle Type="ISaGRAF.Workbench.Mlge.LanguageContainer.LD.Shape.WbLDVariableAccessShape" Assembly="ISaGRAF.Workbench.Mlge.LanguageContainer.LD" Alpha="255" Background="#FFFFFFFF" BackgroundGradient="#FFFFFFFF" FontColor="windowtext" DisplayMode="NameAndAlias" Key="[0,61],[3,61],[5,65],[5,65]" />
    <ShapeStyle Type="ISaGRAF.Workbench.Mlge.LanguageContainer.LD.Shape.WbLDVariableAccessShape" Assembly="ISaGRAF.Workbench.Mlge.LanguageContainer.LD" Alpha="255" Background="#FFFFFFFF" BackgroundGradient="#FFFFFFFF" FontColor="windowtext" DisplayMode="NameAndAlias" Key="[0,61],[3,61],[5,66],[5,66]" />
    <ShapeStyle Type="ISaGRAF.Workbench.Mlge.LanguageContainer.LD.Shape.WbLdSubBranchShape" Assembly="ISaGRAF.Workbench.Mlge.LanguageContainer.LD" FunctionBlockInstanceName="true" Key="[0,61],[3,67]" />
    <ShapeStyle Type="ISaGRAF.Workbench.Mlge.LanguageContainer.LD.Shape.WbLDVariableAccessShape" Assembly="ISaGRAF.Workbench.Mlge.LanguageContainer.LD" Alpha="255" Background="#FFFFFFFF" BackgroundGradient="#FFFFFFFF" FontColor="windowtext" DisplayMode="NameAndAlias" Key="[0,61],[3,67],[3,68],[3,68]" />
    <ShapeStyle Type="ISaGRAF.Workbench.Mlge.LanguageContainer.LD.Shape.WbLDVariableAccessShape" Assembly="ISaGRAF.Workbench.Mlge.LanguageContainer.LD" Alpha="255" Background="#FFFFFFFF" BackgroundGradient="#FFFFFFFF" FontColor="windowtext" DisplayMode="NameAndAlias" Key="[0,61],[3,67],[5,68],[5,68]" />
    <ShapeStyle Type="ISaGRAF.Workbench.Mlge.Core.Shape.WbPouCallShape" Assembly="ISaGRAF.Workbench.Mlge.Core" FunctionBlockInstanceName="true" Alpha="255" Background="buttonface" BackgroundGradient="buttonface" Key="[0,61],[6,61]" />
    <ShapeStyle Type="ISaGRAF.Workbench.Mlge.LanguageContainer.LD.Shape.WbLDVariableAccessShape" Assembly="ISaGRAF.Workbench.Mlge.LanguageContainer.LD" Alpha="255" Background="#FFFFFFFF" BackgroundGradient="#FFFFFFFF" FontColor="windowtext" DisplayMode="NameAndAlias" Key="[0,61],[6,61],[6,62],[6,62]" />
    <ShapeStyle Type="ISaGRAF.Workbench.Mlge.LanguageContainer.LD.Shape.WbLDVariableAccessShape" Assembly="ISaGRAF.Workbench.Mlge.LanguageContainer.LD" Alpha="255" Background="#FFFFFFFF" BackgroundGradient="#FFFFFFFF" FontColor="windowtext" DisplayMode="NameAndAlias" Key="[0,61],[6,61],[8,62],[8,62]" />
    <ShapeStyle Type="ISaGRAF.Workbench.Mlge.LanguageContainer.LD.Shape.WbLdCoilShape" Assembly="ISaGRAF.Workbench.Mlge.LanguageContainer.LD" FontColor="windowtext" DisplayMode="NameAndAlias" Key="[0,61],[9,61]" />
    <ShapeStyle Type="ISaGRAF.Workbench.Mlge.LanguageContainer.LD.Shape.WbLdCoilShape" Assembly="ISaGRAF.Workbench.Mlge.LanguageContainer.LD" FontColor="windowtext" DisplayMode="NameAndAlias" Key="[0,61],[9,62]" />
    <ShapeStyle Type="ISaGRAF.Workbench.Mlge.LanguageContainer.LD.Shape.WbLdRungShape" Assembly="ISaGRAF.Workbench.Mlge.LanguageContainer.LD" PowerRailColor="Silver" DisplayLabel="false" RungColor="WhiteSmoke" CommentColor="White" LabelColor="LightGoldenrodYellow" DisplayComment="true" Key="[0,7]">
      <Text></Text>
      <RtfText>{\rtf1\ansi\ansicpg1252\deff0\deflang1033{\fonttbl{\f0\fnil\fcharset0 Microsoft Sans Serif;}}
{\colortbl ;\red0\green128\blue0;}
\viewkind4\uc1\pard\cf1\f0\fs17\par
}
</RtfText>
    </ShapeStyle>
    <ShapeStyle Type="ISaGRAF.Workbench.Mlge.LanguageContainer.LD.Shape.WbLdContactShape" Assembly="ISaGRAF.Workbench.Mlge.LanguageContainer.LD" FontColor="windowtext" DisplayMode="NameAndAlias" Key="[0,7],[1,7]" />
    <ShapeStyle Type="ISaGRAF.Workbench.Mlge.LanguageContainer.LD.Shape.WbLdContactShape" Assembly="ISaGRAF.Workbench.Mlge.LanguageContainer.LD" FontColor="windowtext" DisplayMode="NameAndAlias" Key="[0,7],[1,8]" />
    <ShapeStyle Type="ISaGRAF.Workbench.Mlge.LanguageContainer.LD.Shape.WbLdContactShape" Assembly="ISaGRAF.Workbench.Mlge.LanguageContainer.LD" FontColor="windowtext" DisplayMode="NameAndAlias" Key="[0,7],[2,7]" />
    <ShapeStyle Type="ISaGRAF.Workbench.Mlge.LanguageContainer.LD.Shape.WbLdContactShape" Assembly="ISaGRAF.Workbench.Mlge.LanguageContainer.LD" FontColor="windowtext" DisplayMode="NameAndAlias" Key="[0,7],[3,7]" />
    <ShapeStyle Type="ISaGRAF.Workbench.Mlge.LanguageContainer.LD.Shape.WbLdContactShape" Assembly="ISaGRAF.Workbench.Mlge.LanguageContainer.LD" FontColor="windowtext" DisplayMode="NameAndAlias" Key="[0,7],[4,7]" />
    <ShapeStyle Type="ISaGRAF.Workbench.Mlge.LanguageContainer.LD.Shape.WbLdContactShape" Assembly="ISaGRAF.Workbench.Mlge.LanguageContainer.LD" FontColor="windowtext" DisplayMode="NameAndAlias" Key="[0,7],[5,7]" />
    <ShapeStyle Type="ISaGRAF.Workbench.Mlge.LanguageContainer.LD.Shape.WbLdSubBranchShape" Assembly="ISaGRAF.Workbench.Mlge.LanguageContainer.LD" FontColor="windowtext" DisplayMode="NameAndAlias" Key="[0,7],[6,7]" />
    <ShapeStyle Type="ISaGRAF.Workbench.Mlge.LanguageContainer.LD.Shape.WbLdRungShape" Assembly="ISaGRAF.Workbench.Mlge.LanguageContainer.LD" PowerRailColor="Silver" DisplayLabel="false" RungColor="WhiteSmoke" CommentColor="White" LabelColor="LightGoldenrodYellow" DisplayComment="true" Key="[0,70]" />
    <ShapeStyle Type="ISaGRAF.Workbench.Mlge.LanguageContainer.LD.Shape.WbLdContactShape" Assembly="ISaGRAF.Workbench.Mlge.LanguageContainer.LD" FontColor="windowtext" DisplayMode="NameAndAlias" Key="[0,70],[1,70]" />
    <ShapeStyle Type="ISaGRAF.Workbench.Mlge.LanguageContainer.LD.Shape.WbLdContactShape" Assembly="ISaGRAF.Workbench.Mlge.LanguageContainer.LD" FontColor="windowtext" DisplayMode="NameAndAlias" Key="[0,70],[1,71]" />
    <ShapeStyle Type="ISaGRAF.Workbench.Mlge.Core.Shape.WbPouCallShape" Assembly="ISaGRAF.Workbench.Mlge.Core" FunctionBlockInstanceName="true" Key="[0,70],[12,70]" />
    <ShapeStyle Type="ISaGRAF.Workbench.Mlge.LanguageContainer.LD.Shape.WbLDVariableAccessShape" Assembly="ISaGRAF.Workbench.Mlge.LanguageContainer.LD" Alpha="255" Background="#FFFFFFFF" BackgroundGradient="#FFFFFFFF" FontColor="windowtext" DisplayMode="NameAndAlias" Key="[0,70],[12,70],[12,71],[12,71]" />
    <ShapeStyle Type="ISaGRAF.Workbench.Mlge.LanguageContainer.LD.Shape.WbLDVariableAccessShape" Assembly="ISaGRAF.Workbench.Mlge.LanguageContainer.LD" Alpha="255" Background="#FFFFFFFF" BackgroundGradient="#FFFFFFFF" FontColor="windowtext" DisplayMode="NameAndAlias" Key="[0,70],[12,70],[14,71],[14,71]" />
    <ShapeStyle Type="ISaGRAF.Workbench.Mlge.LanguageContainer.LD.Shape.WbLdContactShape" Assembly="ISaGRAF.Workbench.Mlge.LanguageContainer.LD" FontColor="windowtext" DisplayMode="NameAndAlias" Key="[0,70],[2,70]" />
    <ShapeStyle Type="ISaGRAF.Workbench.Mlge.Core.Shape.WbPouCallShape" Assembly="ISaGRAF.Workbench.Mlge.Core" FunctionBlockInstanceName="true" Key="[0,70],[3,70]" />
    <ShapeStyle Type="ISaGRAF.Workbench.Mlge.LanguageContainer.LD.Shape.WbLDVariableAccessShape" Assembly="ISaGRAF.Workbench.Mlge.LanguageContainer.LD" Alpha="255" Background="#FFFFFFFF" BackgroundGradient="#FFFFFFFF" FontColor="windowtext" DisplayMode="NameAndAlias" Key="[0,70],[3,70],[3,71],[3,71]" />
    <ShapeStyle Type="ISaGRAF.Workbench.Mlge.LanguageContainer.LD.Shape.WbLDVariableAccessShape" Assembly="ISaGRAF.Workbench.Mlge.LanguageContainer.LD" Alpha="255" Background="#FFFFFFFF" BackgroundGradient="#FFFFFFFF" FontColor="windowtext" DisplayMode="NameAndAlias" Key="[0,70],[3,70],[3,72],[3,72]" />
    <ShapeStyle Type="ISaGRAF.Workbench.Mlge.LanguageContainer.LD.Shape.WbLDVariableAccessShape" Assembly="ISaGRAF.Workbench.Mlge.LanguageContainer.LD" Alpha="255" Background="#FFFFFFFF" BackgroundGradient="#FFFFFFFF" FontColor="windowtext" DisplayMode="NameAndAlias" Key="[0,70],[3,70],[3,73],[3,73]" />
    <ShapeStyle Type="ISaGRAF.Workbench.Mlge.LanguageContainer.LD.Shape.WbLDVariableAccessShape" Assembly="ISaGRAF.Workbench.Mlge.LanguageContainer.LD" Alpha="255" Background="#FFFFFFFF" BackgroundGradient="#FFFFFFFF" FontColor="windowtext" DisplayMode="NameAndAlias" Key="[0,70],[3,70],[3,74],[3,74]" />
    <ShapeStyle Type="ISaGRAF.Workbench.Mlge.LanguageContainer.LD.Shape.WbLDVariableAccessShape" Assembly="ISaGRAF.Workbench.Mlge.LanguageContainer.LD" Alpha="255" Background="#FFFFFFFF" BackgroundGradient="#FFFFFFFF" FontColor="windowtext" DisplayMode="NameAndAlias" Key="[0,70],[3,70],[3,75],[3,75]" />
    <ShapeStyle Type="ISaGRAF.Workbench.Mlge.LanguageContainer.LD.Shape.WbLDVariableAccessShape" Assembly="ISaGRAF.Workbench.Mlge.LanguageContainer.LD" Alpha="255" Background="#FFFFFFFF" BackgroundGradient="#FFFFFFFF" FontColor="windowtext" DisplayMode="NameAndAlias" Key="[0,70],[3,70],[3,76],[3,76]" />
    <ShapeStyle Type="ISaGRAF.Workbench.Mlge.LanguageContainer.LD.Shape.WbLDVariableAccessShape" Assembly="ISaGRAF.Workbench.Mlge.LanguageContainer.LD" Alpha="255" Background="#FFFFFFFF" BackgroundGradient="#FFFFFFFF" FontColor="windowtext" DisplayMode="NameAndAlias" Key="[0,70],[3,70],[3,77],[3,77]" />
    <ShapeStyle Type="ISaGRAF.Workbench.Mlge.LanguageContainer.LD.Shape.WbLDVariableAccessShape" Assembly="ISaGRAF.Workbench.Mlge.LanguageContainer.LD" Alpha="255" Background="#FFFFFFFF" BackgroundGradient="#FFFFFFFF" FontColor="windowtext" DisplayMode="NameAndAlias" Key="[0,70],[3,70],[3,78],[3,78]" />
    <ShapeStyle Type="ISaGRAF.Workbench.Mlge.LanguageContainer.LD.Shape.WbLDVariableAccessShape" Assembly="ISaGRAF.Workbench.Mlge.LanguageContainer.LD" Alpha="255" Background="#FFFFFFFF" BackgroundGradient="#FFFFFFFF" FontColor="windowtext" DisplayMode="NameAndAlias" Key="[0,70],[3,70],[5,71],[5,71]" />
    <ShapeStyle Type="ISaGRAF.Workbench.Mlge.LanguageContainer.LD.Shape.WbLDVariableAccessShape" Assembly="ISaGRAF.Workbench.Mlge.LanguageContainer.LD" Alpha="255" Background="#FFFFFFFF" BackgroundGradient="#FFFFFFFF" FontColor="windowtext" DisplayMode="NameAndAlias" Key="[0,70],[3,70],[5,72],[5,72]" />
    <ShapeStyle Type="ISaGRAF.Workbench.Mlge.LanguageContainer.LD.Shape.WbLDVariableAccessShape" Assembly="ISaGRAF.Workbench.Mlge.LanguageContainer.LD" Alpha="255" Background="#FFFFFFFF" BackgroundGradient="#FFFFFFFF" FontColor="windowtext" DisplayMode="NameAndAlias" Key="[0,70],[3,70],[5,73],[5,73]" />
    <ShapeStyle Type="ISaGRAF.Workbench.Mlge.LanguageContainer.LD.Shape.WbLDVariableAccessShape" Assembly="ISaGRAF.Workbench.Mlge.LanguageContainer.LD" Alpha="255" Background="#FFFFFFFF" BackgroundGradient="#FFFFFFFF" FontColor="windowtext" DisplayMode="NameAndAlias" Key="[0,70],[3,70],[5,74],[5,74]" />
    <ShapeStyle Type="ISaGRAF.Workbench.Mlge.Core.Shape.WbPouCallShape" Assembly="ISaGRAF.Workbench.Mlge.Core" FunctionBlockInstanceName="true" Key="[0,70],[6,70]" />
    <ShapeStyle Type="ISaGRAF.Workbench.Mlge.LanguageContainer.LD.Shape.WbLDVariableAccessShape" Assembly="ISaGRAF.Workbench.Mlge.LanguageContainer.LD" Alpha="255" Background="#FFFFFFFF" BackgroundGradient="#FFFFFFFF" FontColor="windowtext" DisplayMode="NameAndAlias" Key="[0,70],[6,70],[6,71],[6,71]" />
    <ShapeStyle Type="ISaGRAF.Workbench.Mlge.LanguageContainer.LD.Shape.WbLDVariableAccessShape" Assembly="ISaGRAF.Workbench.Mlge.LanguageContainer.LD" Alpha="255" Background="#FFFFFFFF" BackgroundGradient="#FFFFFFFF" FontColor="windowtext" DisplayMode="NameAndAlias" Key="[0,70],[6,70],[6,72],[6,72]" />
    <ShapeStyle Type="ISaGRAF.Workbench.Mlge.LanguageContainer.LD.Shape.WbLDVariableAccessShape" Assembly="ISaGRAF.Workbench.Mlge.LanguageContainer.LD" Alpha="255" Background="#FFFFFFFF" BackgroundGradient="#FFFFFFFF" FontColor="windowtext" DisplayMode="NameAndAlias" Key="[0,70],[6,70],[6,73],[6,73]" />
    <ShapeStyle Type="ISaGRAF.Workbench.Mlge.LanguageContainer.LD.Shape.WbLDVariableAccessShape" Assembly="ISaGRAF.Workbench.Mlge.LanguageContainer.LD" Alpha="255" Background="#FFFFFFFF" BackgroundGradient="#FFFFFFFF" FontColor="windowtext" DisplayMode="NameAndAlias" Key="[0,70],[6,70],[6,74],[6,74]" />
    <ShapeStyle Type="ISaGRAF.Workbench.Mlge.LanguageContainer.LD.Shape.WbLDVariableAccessShape" Assembly="ISaGRAF.Workbench.Mlge.LanguageContainer.LD" Alpha="255" Background="#FFFFFFFF" BackgroundGradient="#FFFFFFFF" FontColor="windowtext" DisplayMode="NameAndAlias" Key="[0,70],[6,70],[8,71],[8,71]" />
    <ShapeStyle Type="ISaGRAF.Workbench.Mlge.LanguageContainer.LD.Shape.WbLDVariableAccessShape" Assembly="ISaGRAF.Workbench.Mlge.LanguageContainer.LD" Alpha="255" Background="#FFFFFFFF" BackgroundGradient="#FFFFFFFF" FontColor="windowtext" DisplayMode="NameAndAlias" Key="[0,70],[6,70],[8,72],[8,72]" />
    <ShapeStyle Type="ISaGRAF.Workbench.Mlge.Core.Shape.WbPouCallShape" Assembly="ISaGRAF.Workbench.Mlge.Core" FunctionBlockInstanceName="true" Key="[0,70],[9,70]" />
    <ShapeStyle Type="ISaGRAF.Workbench.Mlge.LanguageContainer.LD.Shape.WbLDVariableAccessShape" Assembly="ISaGRAF.Workbench.Mlge.LanguageContainer.LD" Alpha="255" Background="#FFFFFFFF" BackgroundGradient="#FFFFFFFF" FontColor="windowtext" DisplayMode="NameAndAlias" Key="[0,70],[9,70],[11,71],[11,71]" />
    <ShapeStyle Type="ISaGRAF.Workbench.Mlge.LanguageContainer.LD.Shape.WbLDVariableAccessShape" Assembly="ISaGRAF.Workbench.Mlge.LanguageContainer.LD" Alpha="255" Background="#FFFFFFFF" BackgroundGradient="#FFFFFFFF" FontColor="windowtext" DisplayMode="NameAndAlias" Key="[0,70],[9,70],[9,71],[9,71]" />
    <ShapeStyle Type="ISaGRAF.Workbench.Mlge.LanguageContainer.LD.Shape.WbLDVariableAccessShape" Assembly="ISaGRAF.Workbench.Mlge.LanguageContainer.LD" Alpha="255" Background="#FFFFFFFF" BackgroundGradient="#FFFFFFFF" FontColor="windowtext" DisplayMode="NameAndAlias" Key="[0,70],[9,70],[9,72],[9,72]" />
    <ShapeStyle Type="ISaGRAF.Workbench.Mlge.LanguageContainer.LD.Shape.WbLDVariableAccessShape" Assembly="ISaGRAF.Workbench.Mlge.LanguageContainer.LD" Alpha="255" Background="#FFFFFFFF" BackgroundGradient="#FFFFFFFF" FontColor="windowtext" DisplayMode="NameAndAlias" Key="[0,70],[9,70],[9,73],[9,73]" />
    <ShapeStyle Type="ISaGRAF.Workbench.Mlge.LanguageContainer.LD.Shape.WbLdRungShape" Assembly="ISaGRAF.Workbench.Mlge.LanguageContainer.LD" PowerRailColor="Silver" DisplayLabel="false" RungColor="WhiteSmoke" CommentColor="White" LabelColor="LightGoldenrodYellow" DisplayComment="true" Key="[0,81]">
      <Text>Utilizes the 'Less than or Equal To' function block (returns true if the first value is less than or equal to the second value). If the absolute error of the PID_1600 is less than or equal to 1 AND the setpoint is equal to 0,  then we want to shut FCV-1600 completely without worrying about some really slow sort of PID degradation. Thus, we can immediately set the valve open amount to 0.</Text>
      <RtfText>{\rtf1\ansi\ansicpg1252\deff0\deflang1033{\fonttbl{\f0\fnil\fcharset0 Microsoft Sans Serif;}}
{\colortbl ;\red0\green128\blue0;}
\viewkind4\uc1\pard\cf1\f0\fs17 Utilizes the 'Less than or Equal To' function block (returns true if the first value is less than or equal to the second value). If the absolute error of the PID_1600 is less than or equal to 1 AND the setpoint is equal to 0,  then we want to shut FCV-1600 completely without worrying about some really slow sort of PID degradation. Thus, we can immediately set the valve open amount to 0.\par
}
</RtfText>
    </ShapeStyle>
    <ShapeStyle Type="ISaGRAF.Workbench.Mlge.Core.Shape.WbPouCallShape" Assembly="ISaGRAF.Workbench.Mlge.Core" FunctionBlockInstanceName="true" Alpha="255" Background="buttonface" BackgroundGradient="buttonface" Key="[0,81],[1,81]" />
    <ShapeStyle Type="ISaGRAF.Workbench.Mlge.LanguageContainer.LD.Shape.WbLDVariableAccessShape" Assembly="ISaGRAF.Workbench.Mlge.LanguageContainer.LD" Alpha="255" Background="#FFFFFFFF" BackgroundGradient="#FFFFFFFF" FontColor="windowtext" DisplayMode="NameAndAlias" Key="[0,81],[1,81],[1,82],[1,82]" />
    <ShapeStyle Type="ISaGRAF.Workbench.Mlge.LanguageContainer.LD.Shape.WbLDVariableAccessShape" Assembly="ISaGRAF.Workbench.Mlge.LanguageContainer.LD" Alpha="255" Background="#FFFFFFFF" BackgroundGradient="#FFFFFFFF" FontColor="windowtext" DisplayMode="NameAndAlias" Key="[0,81],[1,81],[1,83],[1,83]" />
    <ShapeStyle Type="ISaGRAF.Workbench.Mlge.LanguageContainer.LD.Shape.WbLdCoilShape" Assembly="ISaGRAF.Workbench.Mlge.LanguageContainer.LD" FontColor="windowtext" DisplayMode="NameAndAlias" Key="[0,81],[10,81]" />
    <ShapeStyle Type="ISaGRAF.Workbench.Mlge.Core.Shape.WbPouCallShape" Assembly="ISaGRAF.Workbench.Mlge.Core" FunctionBlockInstanceName="true" Alpha="255" Background="buttonface" BackgroundGradient="buttonface" Key="[0,81],[4,81]" />
    <ShapeStyle Type="ISaGRAF.Workbench.Mlge.LanguageContainer.LD.Shape.WbLDVariableAccessShape" Assembly="ISaGRAF.Workbench.Mlge.LanguageContainer.LD" Alpha="255" Background="#FFFFFFFF" BackgroundGradient="#FFFFFFFF" FontColor="windowtext" DisplayMode="NameAndAlias" Key="[0,81],[4,81],[4,82],[4,82]" />
    <ShapeStyle Type="ISaGRAF.Workbench.Mlge.LanguageContainer.LD.Shape.WbLDVariableAccessShape" Assembly="ISaGRAF.Workbench.Mlge.LanguageContainer.LD" Alpha="255" Background="#FFFFFFFF" BackgroundGradient="#FFFFFFFF" FontColor="windowtext" DisplayMode="NameAndAlias" Key="[0,81],[4,81],[4,83],[4,83]" />
    <ShapeStyle Type="ISaGRAF.Workbench.Mlge.Core.Shape.WbPouCallShape" Assembly="ISaGRAF.Workbench.Mlge.Core" FunctionBlockInstanceName="true" Alpha="255" Background="buttonface" BackgroundGradient="buttonface" Key="[0,81],[7,81]" />
    <ShapeStyle Type="ISaGRAF.Workbench.Mlge.LanguageContainer.LD.Shape.WbLDVariableAccessShape" Assembly="ISaGRAF.Workbench.Mlge.LanguageContainer.LD" Alpha="255" Background="#FFFFFFFF" BackgroundGradient="#FFFFFFFF" FontColor="windowtext" DisplayMode="NameAndAlias" Key="[0,81],[7,81],[7,82],[7,82]" />
    <ShapeStyle Type="ISaGRAF.Workbench.Mlge.LanguageContainer.LD.Shape.WbLDVariableAccessShape" Assembly="ISaGRAF.Workbench.Mlge.LanguageContainer.LD" Alpha="255" Background="#FFFFFFFF" BackgroundGradient="#FFFFFFFF" FontColor="windowtext" DisplayMode="NameAndAlias" Key="[0,81],[7,81],[9,82],[9,82]" />
    <ShapeStyle Type="ISaGRAF.Workbench.Mlge.LanguageContainer.LD.Shape.WbLdRungShape" Assembly="ISaGRAF.Workbench.Mlge.LanguageContainer.LD" PowerRailColor="Silver" DisplayLabel="false" RungColor="WhiteSmoke" CommentColor="White" LabelColor="LightGoldenrodYellow" DisplayComment="true" Key="[0,85]">
      <Text>Just a rung used to move some of the Gain variables (Kp, Kd, and Ki) to some other global variables (so that they can be accessed through the HMI).</Text>
      <RtfText>{\rtf1\ansi\ansicpg1252\deff0\deflang1033{\fonttbl{\f0\fnil\fcharset0 Microsoft Sans Serif;}}
{\colortbl ;\red0\green128\blue0;}
\viewkind4\uc1\pard\cf1\f0\fs17 Just a rung used to move some of the Gain variables (Kp, Kd, and Ki) to some other global variables (so that they can be accessed through the HMI).\par
}
</RtfText>
    </ShapeStyle>
    <ShapeStyle Type="ISaGRAF.Workbench.Mlge.LanguageContainer.LD.Shape.WbLdContactShape" Assembly="ISaGRAF.Workbench.Mlge.LanguageContainer.LD" FontColor="windowtext" DisplayMode="NameAndAlias" Key="[0,85],[1,85]" />
    <ShapeStyle Type="ISaGRAF.Workbench.Mlge.LanguageContainer.LD.Shape.WbLdContactShape" Assembly="ISaGRAF.Workbench.Mlge.LanguageContainer.LD" FontColor="windowtext" DisplayMode="NameAndAlias" Key="[0,85],[1,86]" />
    <ShapeStyle Type="ISaGRAF.Workbench.Mlge.Core.Shape.WbPouCallShape" Assembly="ISaGRAF.Workbench.Mlge.Core" FunctionBlockInstanceName="true" Key="[0,85],[2,85]" />
    <ShapeStyle Type="ISaGRAF.Workbench.Mlge.LanguageContainer.LD.Shape.WbLDVariableAccessShape" Assembly="ISaGRAF.Workbench.Mlge.LanguageContainer.LD" Alpha="255" Background="#FFFFFFFF" BackgroundGradient="#FFFFFFFF" FontColor="windowtext" DisplayMode="NameAndAlias" Key="[0,85],[2,85],[2,86],[2,86]" />
    <ShapeStyle Type="ISaGRAF.Workbench.Mlge.LanguageContainer.LD.Shape.WbLDVariableAccessShape" Assembly="ISaGRAF.Workbench.Mlge.LanguageContainer.LD" Alpha="255" Background="#FFFFFFFF" BackgroundGradient="#FFFFFFFF" FontColor="windowtext" DisplayMode="NameAndAlias" Key="[0,85],[2,85],[4,86],[4,86]" />
    <ShapeStyle Type="ISaGRAF.Workbench.Mlge.Core.Shape.WbPouCallShape" Assembly="ISaGRAF.Workbench.Mlge.Core" FunctionBlockInstanceName="true" Alpha="255" Background="buttonface" BackgroundGradient="buttonface" Key="[0,85],[5,85]" />
    <ShapeStyle Type="ISaGRAF.Workbench.Mlge.LanguageContainer.LD.Shape.WbLDVariableAccessShape" Assembly="ISaGRAF.Workbench.Mlge.LanguageContainer.LD" Alpha="255" Background="#FFFFFFFF" BackgroundGradient="#FFFFFFFF" FontColor="windowtext" DisplayMode="NameAndAlias" Key="[0,85],[5,85],[5,86],[5,86]" />
    <ShapeStyle Type="ISaGRAF.Workbench.Mlge.LanguageContainer.LD.Shape.WbLDVariableAccessShape" Assembly="ISaGRAF.Workbench.Mlge.LanguageContainer.LD" Alpha="255" Background="#FFFFFFFF" BackgroundGradient="#FFFFFFFF" FontColor="windowtext" DisplayMode="NameAndAlias" Key="[0,85],[5,85],[7,86],[7,86]" />
    <ShapeStyle Type="ISaGRAF.Workbench.Mlge.Core.Shape.WbPouCallShape" Assembly="ISaGRAF.Workbench.Mlge.Core" FunctionBlockInstanceName="true" Alpha="255" Background="buttonface" BackgroundGradient="buttonface" Key="[0,85],[8,85]" />
    <ShapeStyle Type="ISaGRAF.Workbench.Mlge.LanguageContainer.LD.Shape.WbLDVariableAccessShape" Assembly="ISaGRAF.Workbench.Mlge.LanguageContainer.LD" Alpha="255" Background="#FFFFFFFF" BackgroundGradient="#FFFFFFFF" FontColor="windowtext" DisplayMode="NameAndAlias" Key="[0,85],[8,85],[10,86],[10,86]" />
    <ShapeStyle Type="ISaGRAF.Workbench.Mlge.LanguageContainer.LD.Shape.WbLDVariableAccessShape" Assembly="ISaGRAF.Workbench.Mlge.LanguageContainer.LD" Alpha="255" Background="#FFFFFFFF" BackgroundGradient="#FFFFFFFF" FontColor="windowtext" DisplayMode="NameAndAlias" Key="[0,85],[8,85],[8,86],[8,86]" />
  </LanguageContainerStyle>
</Root>