﻿<?xml version="1.0" encoding="utf-8"?>
<ProjectElements>
  <AcfElementGuid Guid="0a5c0bae-f39a-4d02-9f40-182f58c505e4" />
  <AcfElementGuid Guid="0e647a91-97e6-4d50-9f8e-e5203cc5dbe6" />
  <AcfElementGuid Guid="ac0da420-b3c9-4b2c-a66a-b5864a1199c3" />
  <AcfElementGuid Guid="af9b71d6-91be-45a0-9ada-f7e668b4889d" />
  <AcfElementGuid Guid="db5097e8-b624-4978-9cde-db75e6cef1b3" />
  <AcfElementGuid Guid="e84c2e1c-38b2-4643-a21e-e5cdf92b702a" />
  <AcfElementGuid Guid="e9ccd59b-b06b-4726-a508-36e6e3cf776e" />
  <AcfElementGuid Guid="f25bff50-4613-4fbc-9af2-c952a741bc59" />
</ProjectElements>