﻿<?xml version="1.0" encoding="utf-8"?>
<ProjectElements>
  <AcfElementGuid Guid="0e647a91-97e6-4d50-9f8e-e5203cc5dbe6">
    <File>Limit_Function.AcfMlge</File>
  </AcfElementGuid>
  <AcfElementGuid Guid="af9b71d6-91be-45a0-9ada-f7e668b4889d">
    <File>BasicValveLogic.AcfMlge</File>
  </AcfElementGuid>
  <AcfElementGuid Guid="e84c2e1c-38b2-4643-a21e-e5cdf92b702a">
    <File>Adjust_Process_Variable.AcfMlge</File>
  </AcfElementGuid>
  <AcfElementGuid Guid="e9ccd59b-b06b-4726-a508-36e6e3cf776e">
    <File>FlowControl.AcfMlge</File>
  </AcfElementGuid>
  <AcfElementGuid Guid="f25bff50-4613-4fbc-9af2-c952a741bc59">
    <File>FlowControlLogic.AcfMlge</File>
  </AcfElementGuid>
</ProjectElements>